Compilación iniciada a las 5/9/2026 19:46:38.
El nivel de detalle de registro está establecido en Detailed.     0>Proceso: "/home/rko735/.dotnet/dotnet"
       Ruta de acceso al ejecutable de MSBuild: "/home/rko735/.dotnet/sdk/8.0.424/MSBuild.dll"
       Argumentos de la línea de comandos: "/home/rko735/.dotnet/sdk/8.0.424/MSBuild.dll -maxcpucount -verbosity:m -nologo -consoleloggerparameters:Summary Subnautica.Multiplayer.csproj -fl -flp:logfile=build.log -distributedlogger:Microsoft.DotNet.Tools.MSBuild.MSBuildLogger,/home/rko735/.dotnet/sdk/8.0.424/dotnet.dll*Microsoft.DotNet.Tools.MSBuild.MSBuildForwardingLogger,/home/rko735/.dotnet/sdk/8.0.424/dotnet.dll"
       Directorio actual: "/home/rko735/Documentos/Subnautica-Below-Zero-Multiplayer"
       Versión de MSBuild: "17.11.48+02bf66295"
       Ensamblado cargado durante Evaluation: System.Reflection.Metadata, Version=8.0.0.0, Culture=neutral, PublicKeyToken=b03f5f7f11d50a3a(ubicación: /home/rko735/.dotnet/shared/Microsoft.NETCore.App/8.0.30/System.Reflection.Metadata.dll, MVID: 6d2693d9-fa9d-4ee3-b168-56ea775c1554, AssemblyLoadContext: Default)
       El SDK "Microsoft.NET.Sdk" se resolvió correctamente mediante el resolvedor "DefaultSdkResolver" a la ubicación "/home/rko735/.dotnet/sdk/8.0.424/Sdks/Microsoft.NET.Sdk/Sdk" y la versión "".
       Ensamblado cargado durante Evaluation: Microsoft.NET.StringTools, Version=1.0.0.0, Culture=neutral, PublicKeyToken=b03f5f7f11d50a3a(ubicación: /home/rko735/.dotnet/sdk/8.0.424/Microsoft.NET.StringTools.dll, MVID: a6df08db-4589-427d-8720-dbb53fdf37b0, AssemblyLoadContext: Default)
       Propiedad "MSBuildExtensionsPath" con el valor "/home/rko735/.dotnet/sdk/8.0.424/" expandido desde el entorno.
       Reasignación de propiedad: $(MSBuildProjectExtensionsPath)="/home/rko735/Documentos/Subnautica-Below-Zero-Multiplayer/obj/" (valor anterior: "obj/") en /home/rko735/.dotnet/sdk/8.0.424/Current/Microsoft.Common.props (60,5)
       Ensamblado cargado durante Evaluation: System.Threading.Tasks.Parallel, Version=8.0.0.0, Culture=neutral, PublicKeyToken=b03f5f7f11d50a3a(ubicación: /home/rko735/.dotnet/shared/Microsoft.NETCore.App/8.0.30/System.Threading.Tasks.Parallel.dll, MVID: 7fe8fe6f-81cf-4aed-8889-65df30f6f5f7, AssemblyLoadContext: Default)
       Propiedad "MSBuildUserExtensionsPath" con el valor "/home/rko735/.local/share/Microsoft\MSBuild" expandido desde el entorno.
       Reasignación de propiedad: $(AssemblySearchPaths)="{CandidateAssemblyFiles};{HintPathFromItem}" (valor anterior: "{CandidateAssemblyFiles}") en /home/rko735/.dotnet/sdk/8.0.424/Sdks/Microsoft.NET.Sdk/targets/Microsoft.NET.Sdk.props (91,5)
       Reasignación de propiedad: $(AssemblySearchPaths)="{CandidateAssemblyFiles};{HintPathFromItem};{TargetFrameworkDirectory}" (valor anterior: "{CandidateAssemblyFiles};{HintPathFromItem}") en /home/rko735/.dotnet/sdk/8.0.424/Sdks/Microsoft.NET.Sdk/targets/Microsoft.NET.Sdk.props (92,5)
       Reasignación de propiedad: $(AssemblySearchPaths)="{CandidateAssemblyFiles};{HintPathFromItem};{TargetFrameworkDirectory};{RawFileName}" (valor anterior: "{CandidateAssemblyFiles};{HintPathFromItem};{TargetFrameworkDirectory}") en /home/rko735/.dotnet/sdk/8.0.424/Sdks/Microsoft.NET.Sdk/targets/Microsoft.NET.Sdk.props (93,5)
       El solucionador "DefaultSdkResolver" intentó resolver el SDK "Microsoft.NET.SDK.WorkloadAutoImportPropsLocator".
       Advertencias: null
       Errores: MSB4276: La resolución predeterminada del SDK no pudo resolver el SDK "Microsoft.NET.SDK.WorkloadAutoImportPropsLocator" porque el directorio "/home/rko735/.dotnet/sdk/8.0.424/Sdks/Microsoft.NET.SDK.WorkloadAutoImportPropsLocator/Sdk" no existía.
       Ensamblado cargado durante Evaluation: Microsoft.NET.Sdk.WorkloadMSBuildSdkResolver, Version=8.0.424.0, Culture=neutral, PublicKeyToken=31bf3856ad364e35(ubicación: /home/rko735/.dotnet/sdk/8.0.424/Microsoft.NET.Sdk.WorkloadMSBuildSdkResolver.dll, MVID: ea5860ce-6bac-4972-a79e-4af26a8eff17, AssemblyLoadContext: MSBuild plugin /home/rko735/.dotnet/sdk/8.0.424/Microsoft.NET.Sdk.WorkloadMSBuildSdkResolver.dll)
       Ensamblado cargado durante Evaluation: Microsoft.Build.NuGetSdkResolver, Version=6.11.2.1, Culture=neutral, PublicKeyToken=31bf3856ad364e35(ubicación: /home/rko735/.dotnet/sdk/8.0.424/Microsoft.Build.NuGetSdkResolver.dll, MVID: 27ccb095-2c92-40dc-8ceb-3c408f94bba3, AssemblyLoadContext: MSBuild plugin /home/rko735/.dotnet/sdk/8.0.424/Microsoft.Build.NuGetSdkResolver.dll)
       Ensamblado cargado durante Evaluation: Microsoft.DotNet.Cli.Utils, Version=8.0.424.0, Culture=neutral, PublicKeyToken=adb9793829ddae60(ubicación: /home/rko735/.dotnet/sdk/8.0.424/Microsoft.DotNet.Cli.Utils.dll, MVID: 967f649b-c08a-400e-a37a-821c0a3a2f45, AssemblyLoadContext: MSBuild plugin /home/rko735/.dotnet/sdk/8.0.424/Microsoft.NET.Sdk.WorkloadMSBuildSdkResolver.dll)
       Ensamblado cargado durante Evaluation: Microsoft.NET.Sdk.WorkloadManifestReader, Version=8.0.424.0, Culture=neutral, PublicKeyToken=adb9793829ddae60(ubicación: /home/rko735/.dotnet/sdk/8.0.424/Microsoft.NET.Sdk.WorkloadManifestReader.dll, MVID: e97ab177-e175-4fd4-ae97-16986473c8dd, AssemblyLoadContext: MSBuild plugin /home/rko735/.dotnet/sdk/8.0.424/Microsoft.NET.Sdk.WorkloadMSBuildSdkResolver.dll)
       Ensamblado cargado durante Evaluation: Microsoft.Deployment.DotNet.Releases, Version=2.0.0.0, Culture=neutral, PublicKeyToken=31bf3856ad364e35(ubicación: /home/rko735/.dotnet/sdk/8.0.424/Microsoft.Deployment.DotNet.Releases.dll, MVID: 34f9f9be-a352-437d-b864-e54aac6740dd, AssemblyLoadContext: MSBuild plugin /home/rko735/.dotnet/sdk/8.0.424/Microsoft.NET.Sdk.WorkloadMSBuildSdkResolver.dll)
       Ensamblado cargado durante Evaluation: System.Formats.Asn1, Version=8.0.0.0, Culture=neutral, PublicKeyToken=cc7b13ffcd2ddd51(ubicación: /home/rko735/.dotnet/shared/Microsoft.NETCore.App/8.0.30/System.Formats.Asn1.dll, MVID: b60ca537-d040-4e7c-b9ea-ba872dfc9c59, AssemblyLoadContext: Default)
       El SDK "Microsoft.NET.SDK.WorkloadAutoImportPropsLocator" se resolvió correctamente mediante el resolvedor "Microsoft.DotNet.MSBuildWorkloadSdkResolver" a la ubicación "null" y la versión "null".
       Reasignación de propiedad: $(TargetsForTfmSpecificContentInPackage)=";PackTool;_PackProjectToolValidation" (valor anterior: ";PackTool") en /home/rko735/.dotnet/sdk/8.0.424/Sdks/Microsoft.NET.Sdk/targets/Microsoft.NET.PackProjectTool.props (15,5)
       Reasignación de propiedad: $(AllowUnsafeBlocks)="true" (valor anterior: "false") en /home/rko735/Documentos/Subnautica-Below-Zero-Multiplayer/Subnautica.Multiplayer.csproj (5,5)
       Reasignación de propiedad: $(RootNamespace)="Subnautica" (valor anterior: "Subnautica.Multiplayer") en /home/rko735/Documentos/Subnautica-Below-Zero-Multiplayer/Subnautica.Multiplayer.csproj (8,5)
       Reasignación de propiedad: $(PublishProfileImported)="false" (valor anterior: "true") en /home/rko735/.dotnet/sdk/8.0.424/Sdks/Microsoft.NET.Sdk/targets/Microsoft.NET.Sdk.ImportPublishProfile.targets (28,5)
       Ensamblado cargado durante Evaluation: NuGet.Frameworks, Version=6.11.2.1, Culture=neutral, PublicKeyToken=31bf3856ad364e35(ubicación: /home/rko735/.dotnet/sdk/8.0.424/NuGet.Frameworks.dll, MVID: 69f2c13d-a9f1-4a43-bb62-e18b47d48034, AssemblyLoadContext: Assembly.LoadFile(/home/rko735/.dotnet/sdk/8.0.424/NuGet.Frameworks.dll))
       Reasignación de propiedad: $(TargetPlatformVersion)="" (valor anterior: "0.0") en /home/rko735/.dotnet/sdk/8.0.424/Sdks/Microsoft.NET.Sdk/targets/Microsoft.NET.TargetFrameworkInference.targets (69,5)
       Reasignación de propiedad: $(DefaultItemExcludes)=";bin\Debug//**;obj/Debug//**" (valor anterior: ";bin\Debug//**") en /home/rko735/.dotnet/sdk/8.0.424/Sdks/Microsoft.NET.Sdk/targets/Microsoft.NET.DefaultOutputPaths.targets (122,5)
       Reasignación de propiedad: $(OutputPath)="bin\Debug/netstandard2.0/" (valor anterior: "bin\Debug/") en /home/rko735/.dotnet/sdk/8.0.424/Sdks/Microsoft.NET.Sdk/targets/Microsoft.NET.DefaultOutputPaths.targets (137,5)
       Reasignación de propiedad: $(IntermediateOutputPath)="obj/Debug/netstandard2.0/" (valor anterior: "obj/Debug/") en /home/rko735/.dotnet/sdk/8.0.424/Sdks/Microsoft.NET.Sdk/targets/Microsoft.NET.DefaultOutputPaths.targets (142,5)
       El solucionador "DefaultSdkResolver" intentó resolver el SDK "Microsoft.NET.SDK.WorkloadManifestTargetsLocator".
       Advertencias: null
       Errores: MSB4276: La resolución predeterminada del SDK no pudo resolver el SDK "Microsoft.NET.SDK.WorkloadManifestTargetsLocator" porque el directorio "/home/rko735/.dotnet/sdk/8.0.424/Sdks/Microsoft.NET.SDK.WorkloadManifestTargetsLocator/Sdk" no existía.
       El SDK "Microsoft.NET.SDK.WorkloadManifestTargetsLocator" se resolvió correctamente mediante el resolvedor "Microsoft.DotNet.MSBuildWorkloadSdkResolver" a la ubicación "/home/rko735/.dotnet/sdk-manifests/8.0.100/microsoft.net.sdk.android/34.0.43" y la versión "null".
       Reasignación de propiedad: $(_FrameworkVersionForImplicitDefine)="2_0" (valor anterior: "2.0") en /home/rko735/.dotnet/sdk/8.0.424/Sdks/Microsoft.NET.Sdk/targets/Microsoft.NET.Sdk.BeforeCommon.targets (192,5)
       Reasignación de propiedad: $(CommandLineArgsForDesignTimeEvaluation)="-langversion:latest -define:TRACE" (valor anterior: "-langversion:latest") en /home/rko735/.dotnet/sdk/8.0.424/Roslyn/Microsoft.CSharp.Core.targets (200,5)
       Reasignación de propiedad: $(TargetPlatformIdentifier)="Windows" (valor anterior: "") en /home/rko735/.dotnet/sdk/8.0.424/Microsoft.Common.CurrentVersion.targets (89,5)
       Reasignación de propiedad: $(TargetPlatformVersion)="7.0" (valor anterior: "") en /home/rko735/.dotnet/sdk/8.0.424/Microsoft.Common.CurrentVersion.targets (90,5)
       Ensamblado cargado durante Evaluation: Microsoft.Build.Utilities.Core, Version=15.1.0.0, Culture=neutral, PublicKeyToken=b03f5f7f11d50a3a(ubicación: /home/rko735/.dotnet/sdk/8.0.424/Microsoft.Build.Utilities.Core.dll, MVID: 3ef2c93a-1391-4e37-a4e3-a5d04b06a824, AssemblyLoadContext: Default)
       Reasignación de propiedad: $(_DebugSymbolsProduced)="true" (valor anterior: "false") en /home/rko735/.dotnet/sdk/8.0.424/Microsoft.Common.CurrentVersion.targets (175,5)
       Reasignación de propiedad: $(_DocumentationFileProduced)="false" (valor anterior: "true") en /home/rko735/.dotnet/sdk/8.0.424/Microsoft.Common.CurrentVersion.targets (185,5)
       Reasignación de propiedad: $(MSBuildCopyMarkerName)="Subnauti.1AF7C8C3" (valor anterior: "Subnautica.Multiplayer.csproj") en /home/rko735/.dotnet/sdk/8.0.424/Microsoft.Common.CurrentVersion.targets (392,5)
       Reasignación de propiedad: $(MSBuildCopyMarkerName)="Subnauti.1AF7C8C3.Up2Date" (valor anterior: "Subnauti.1AF7C8C3") en /home/rko735/.dotnet/sdk/8.0.424/Microsoft.Common.CurrentVersion.targets (393,5)
       Reasignación de propiedad: $(ProcessorArchitecture)="msil" (valor anterior: "") en /home/rko735/.dotnet/sdk/8.0.424/Microsoft.Common.CurrentVersion.targets (541,5)
       Reasignación de propiedad: $(DelaySign)="" (valor anterior: "false") en /home/rko735/.dotnet/sdk/8.0.424/Microsoft.Common.CurrentVersion.targets (580,5)
       Propiedad "LocalAppData" con el valor "/home/rko735/.local/share" expandido desde el entorno.
       Reasignación de propiedad: $(_SGenGenerateSerializationAssembliesConfig)="Auto" (valor anterior: "") en /home/rko735/.dotnet/sdk/8.0.424/Microsoft.Common.CurrentVersion.targets (3896,5)
       Reasignación de propiedad: $(_SGenGenerateSerializationAssembliesConfig)="Off" (valor anterior: "Auto") en /home/rko735/.dotnet/sdk/8.0.424/Microsoft.Common.CurrentVersion.targets (3897,5)
       Reasignación de propiedad: $(_TargetsThatPrepareProjectReferences)="
             AssignProjectConfiguration;
             _SplitProjectReferencesByFileExistence
           " (valor anterior: "_SplitProjectReferencesByFileExistence") en /home/rko735/.dotnet/sdk/8.0.424/Microsoft.Common.CurrentVersion.targets (5099,5)
       Propiedad "MSBuildExtensionsPath32" con el valor "/home/rko735/.dotnet/sdk/8.0.424" expandido desde el entorno.
       Ensamblado cargado durante Evaluation: System.Runtime.Numerics, Version=8.0.0.0, Culture=neutral, PublicKeyToken=b03f5f7f11d50a3a(ubicación: /home/rko735/.dotnet/shared/Microsoft.NETCore.App/8.0.30/System.Runtime.Numerics.dll, MVID: e5b583fc-1714-41c1-8c0a-ce6785a4f162, AssemblyLoadContext: Default)
       Reasignación de propiedad: $(ProjectAssetsCacheFile)="/home/rko735/Documentos/Subnautica-Below-Zero-Multiplayer/obj/Debug/netstandard2.0/Subnautica.Multiplayer.assets.cache" (valor anterior: "obj/Debug/netstandard2.0/Subnautica.Multiplayer.assets.cache") en /home/rko735/.dotnet/sdk/8.0.424/Sdks/Microsoft.NET.Sdk/targets/Microsoft.PackageDependencyResolution.targets (29,5)
       Reasignación de propiedad: $(ResolveAssemblyReferencesDependsOn)="
             
             ResolveProjectReferences;
             FindInvalidProjectReferences;
             GetFrameworkPaths;
             GetReferenceAssemblyPaths;
             PrepareForBuild;
             ResolveSDKReferences;
             ExpandSDKReferences;
           ;
             ResolvePackageDependenciesForBuild;
             _HandlePackageFileConflicts;
           " (valor anterior: "
             ResolveProjectReferences;
             FindInvalidProjectReferences;
             GetFrameworkPaths;
             GetReferenceAssemblyPaths;
             PrepareForBuild;
             ResolveSDKReferences;
             ExpandSDKReferences;
           ") en /home/rko735/.dotnet/sdk/8.0.424/Sdks/Microsoft.NET.Sdk/targets/Microsoft.PackageDependencyResolution.targets (80,5)
       Reasignación de propiedad: $(PrepareResourcesDependsOn)="
             ResolvePackageDependenciesForBuild;
             _HandlePackageFileConflicts;
             
             ;
             PrepareResourceNames;
             ResGen;
             CompileLicxFiles
           
           " (valor anterior: "
             ;
             PrepareResourceNames;
             ResGen;
             CompileLicxFiles
           ") en /home/rko735/.dotnet/sdk/8.0.424/Sdks/Microsoft.NET.Sdk/targets/Microsoft.PackageDependencyResolution.targets (86,5)
       Reasignación de propiedad: $(DefaultItemExcludes)=";bin\Debug//**;obj/Debug//**;bin\/**" (valor anterior: ";bin\Debug//**;obj/Debug//**") en /home/rko735/.dotnet/sdk/8.0.424/Sdks/Microsoft.NET.Sdk/targets/Microsoft.NET.Sdk.DefaultItems.targets (27,5)
       Reasignación de propiedad: $(DefaultItemExcludes)=";bin\Debug//**;obj/Debug//**;bin\/**;obj//**" (valor anterior: ";bin\Debug//**;obj/Debug//**;bin\/**") en /home/rko735/.dotnet/sdk/8.0.424/Sdks/Microsoft.NET.Sdk/targets/Microsoft.NET.Sdk.DefaultItems.targets (29,5)
       Reasignación de propiedad: $(DefaultItemExcludes)=";bin\Debug//**;obj/Debug//**;bin\/**;obj//**;**/*.user" (valor anterior: ";bin\Debug//**;obj/Debug//**;bin\/**;obj//**") en /home/rko735/.dotnet/sdk/8.0.424/Sdks/Microsoft.NET.Sdk/targets/Microsoft.NET.Sdk.DefaultItems.targets (32,5)
       Reasignación de propiedad: $(DefaultItemExcludes)=";bin\Debug//**;obj/Debug//**;bin\/**;obj//**;**/*.user;**/*.*proj" (valor anterior: ";bin\Debug//**;obj/Debug//**;bin\/**;obj//**;**/*.user") en /home/rko735/.dotnet/sdk/8.0.424/Sdks/Microsoft.NET.Sdk/targets/Microsoft.NET.Sdk.DefaultItems.targets (33,5)
       Reasignación de propiedad: $(DefaultItemExcludes)=";bin\Debug//**;obj/Debug//**;bin\/**;obj//**;**/*.user;**/*.*proj;**/*.sln" (valor anterior: ";bin\Debug//**;obj/Debug//**;bin\/**;obj//**;**/*.user;**/*.*proj") en /home/rko735/.dotnet/sdk/8.0.424/Sdks/Microsoft.NET.Sdk/targets/Microsoft.NET.Sdk.DefaultItems.targets (34,5)
       Reasignación de propiedad: $(DefaultItemExcludes)=";bin\Debug//**;obj/Debug//**;bin\/**;obj//**;**/*.user;**/*.*proj;**/*.sln;**/*.vssscc" (valor anterior: ";bin\Debug//**;obj/Debug//**;bin\/**;obj//**;**/*.user;**/*.*proj;**/*.sln") en /home/rko735/.dotnet/sdk/8.0.424/Sdks/Microsoft.NET.Sdk/targets/Microsoft.NET.Sdk.DefaultItems.targets (35,5)
       Reasignación de propiedad: $(DefaultItemExcludes)=";bin\Debug//**;obj/Debug//**;bin\/**;obj//**;**/*.user;**/*.*proj;**/*.sln;**/*.vssscc;**/.DS_Store" (valor anterior: ";bin\Debug//**;obj/Debug//**;bin\/**;obj//**;**/*.user;**/*.*proj;**/*.sln;**/*.vssscc") en /home/rko735/.dotnet/sdk/8.0.424/Sdks/Microsoft.NET.Sdk/targets/Microsoft.NET.Sdk.DefaultItems.targets (36,5)
       Reasignación de propiedad: $(ResolveAssemblyReferencesDependsOn)="
             
             
             ResolveProjectReferences;
             FindInvalidProjectReferences;
             GetFrameworkPaths;
             GetReferenceAssemblyPaths;
             PrepareForBuild;
             ResolveSDKReferences;
             ExpandSDKReferences;
           ;
             ResolvePackageDependenciesForBuild;
             _HandlePackageFileConflicts;
           ;
             ResolveTargetingPackAssets;
           " (valor anterior: "
             
             ResolveProjectReferences;
             FindInvalidProjectReferences;
             GetFrameworkPaths;
             GetReferenceAssemblyPaths;
             PrepareForBuild;
             ResolveSDKReferences;
             ExpandSDKReferences;
           ;
             ResolvePackageDependenciesForBuild;
             _HandlePackageFileConflicts;
           ") en /home/rko735/.dotnet/sdk/8.0.424/Sdks/Microsoft.NET.Sdk/targets/Microsoft.NET.Sdk.FrameworkReferenceResolution.targets (14,5)
       Reasignación de propiedad: $(_GenerateRuntimeConfigurationPropertyInputsCache)="/home/rko735/Documentos/Subnautica-Below-Zero-Multiplayer/obj/Debug/netstandard2.0/Subnautica.Multiplayer.genruntimeconfig.cache" (valor anterior: "obj/Debug/netstandard2.0/Subnautica.Multiplayer.genruntimeconfig.cache") en /home/rko735/.dotnet/sdk/8.0.424/Sdks/Microsoft.NET.Sdk/targets/Microsoft.NET.Sdk.targets (44,5)
       Reasignación de propiedad: $(_GeneratePublishDependencyFilePropertyInputsCache)="/home/rko735/Documentos/Subnautica-Below-Zero-Multiplayer/obj/Debug/netstandard2.0/Subnautica.Multiplayer.genpublishdeps.cache" (valor anterior: "obj/Debug/netstandard2.0/Subnautica.Multiplayer.genpublishdeps.cache") en /home/rko735/.dotnet/sdk/8.0.424/Sdks/Microsoft.NET.Sdk/targets/Microsoft.NET.Sdk.targets (46,5)
       Reasignación de propiedad: $(_GenerateSingleFileBundlePropertyInputsCache)="/home/rko735/Documentos/Subnautica-Below-Zero-Multiplayer/obj/Debug/netstandard2.0/Subnautica.Multiplayer.genbundle.cache" (valor anterior: "obj/Debug/netstandard2.0/Subnautica.Multiplayer.genbundle.cache") en /home/rko735/.dotnet/sdk/8.0.424/Sdks/Microsoft.NET.Sdk/targets/Microsoft.NET.Sdk.targets (48,5)
       Propiedad "HOME" con el valor "/home/rko735" expandido desde el entorno.
       Reasignación de propiedad: $(_DefaultUserProfileRuntimeStorePath)="/home/rko735/.dotnet/store" (valor anterior: "/home/rko735") en /home/rko735/.dotnet/sdk/8.0.424/Sdks/Microsoft.NET.Sdk/targets/Microsoft.NET.Sdk.targets (98,5)
       Reasignación de propiedad: $(CoreBuildDependsOn)="
             _CheckForBuildWithNoBuild;
             
             BuildOnlySettings;
             PrepareForBuild;
             PreBuildEvent;
             ResolveReferences;
             PrepareResources;
             ResolveKeySource;
             Compile;
             ExportWindowsMDFile;
             UnmanagedUnregistration;
             GenerateSerializationAssemblies;
             CreateSatelliteAssemblies;
             GenerateManifests;
             GetTargetPath;
             PrepareForRun;
             UnmanagedRegistration;
             IncrementalClean;
             PostBuildEvent
           ;
             GenerateBuildDependencyFile;
             GenerateBuildRuntimeConfigurationFiles
           " (valor anterior: "
             BuildOnlySettings;
             PrepareForBuild;
             PreBuildEvent;
             ResolveReferences;
             PrepareResources;
             ResolveKeySource;
             Compile;
             ExportWindowsMDFile;
             UnmanagedUnregistration;
             GenerateSerializationAssemblies;
             CreateSatelliteAssemblies;
             GenerateManifests;
             GetTargetPath;
             PrepareForRun;
             UnmanagedRegistration;
             IncrementalClean;
             PostBuildEvent
           ") en /home/rko735/.dotnet/sdk/8.0.424/Sdks/Microsoft.NET.Sdk/targets/Microsoft.NET.Sdk.targets (197,5)
       Reasignación de propiedad: $(CoreCleanDependsOn)="
             _SdkBeforeClean;
             
           " (valor anterior: "") en /home/rko735/.dotnet/sdk/8.0.424/Sdks/Microsoft.NET.Sdk/targets/Microsoft.NET.Sdk.targets (206,5)
       Reasignación de propiedad: $(RebuildDependsOn)="
             _SdkBeforeRebuild;
             
             BeforeRebuild;
             Clean;
             Build;
             AfterRebuild;
           
           " (valor anterior: "
             BeforeRebuild;
             Clean;
             Build;
             AfterRebuild;
           ") en /home/rko735/.dotnet/sdk/8.0.424/Sdks/Microsoft.NET.Sdk/targets/Microsoft.NET.Sdk.targets (213,5)
       Reasignación de propiedad: $(CompileDependsOn)="
             
             ResolveReferences;
             ResolveKeySource;
             SetWin32ManifestProperties;
             _SetPreferNativeArm64Win32ManifestProperties;
             FindReferenceAssembliesForReferences;
             _GenerateCompileInputs;
             BeforeCompile;
             _TimeStampBeforeCompile;
             _GenerateCompileDependencyCache;
             CoreCompile;
             _TimeStampAfterCompile;
             AfterCompile;
           ;
             _CreateAppHost;
             _CreateComHost;
             _GetIjwHostPaths;
           " (valor anterior: "
             ResolveReferences;
             ResolveKeySource;
             SetWin32ManifestProperties;
             _SetPreferNativeArm64Win32ManifestProperties;
             FindReferenceAssembliesForReferences;
             _GenerateCompileInputs;
             BeforeCompile;
             _TimeStampBeforeCompile;
             _GenerateCompileDependencyCache;
             CoreCompile;
             _TimeStampAfterCompile;
             AfterCompile;
           ") en /home/rko735/.dotnet/sdk/8.0.424/Sdks/Microsoft.NET.Sdk/targets/Microsoft.NET.Sdk.targets (679,5)
       Reasignación de propiedad: $(CreateSatelliteAssembliesDependsOn)="
             
             ;
             _GenerateSatelliteAssemblyInputs;
             ComputeIntermediateSatelliteAssemblies;
             GenerateSatelliteAssemblies
           ;
             CoreGenerateSatelliteAssemblies
           " (valor anterior: "
             ;
             _GenerateSatelliteAssemblyInputs;
             ComputeIntermediateSatelliteAssemblies;
             GenerateSatelliteAssemblies
           ") en /home/rko735/.dotnet/sdk/8.0.424/Sdks/Microsoft.NET.Sdk/targets/Microsoft.NET.Sdk.targets (1065,5)
       Reasignación de propiedad: $(SourceLinkUrlInitializerTargets)=";_InitializeGitHubSourceLinkUrl;_InitializeGitLabSourceLinkUrl" (valor anterior: ";_InitializeGitHubSourceLinkUrl") en /home/rko735/.dotnet/sdk/8.0.424/Sdks/Microsoft.SourceLink.GitLab/build/Microsoft.SourceLink.GitLab.targets (12,5)
       Reasignación de propiedad: $(SourceControlManagerUrlTranslationTargets)=";TranslateGitHubUrlsInSourceControlInformation;TranslateGitLabUrlsInSourceControlInformation" (valor anterior: ";TranslateGitHubUrlsInSourceControlInformation") en /home/rko735/.dotnet/sdk/8.0.424/Sdks/Microsoft.SourceLink.GitLab/build/Microsoft.SourceLink.GitLab.targets (13,5)
       Reasignación de propiedad: $(SourceLinkUrlInitializerTargets)=";_InitializeGitHubSourceLinkUrl;_InitializeGitLabSourceLinkUrl;_InitializeAzureReposGitSourceLinkUrl" (valor anterior: ";_InitializeGitHubSourceLinkUrl;_InitializeGitLabSourceLinkUrl") en /home/rko735/.dotnet/sdk/8.0.424/Sdks/Microsoft.SourceLink.AzureRepos.Git/build/Microsoft.SourceLink.AzureRepos.Git.targets (12,5)
       Reasignación de propiedad: $(SourceControlManagerUrlTranslationTargets)=";TranslateGitHubUrlsInSourceControlInformation;TranslateGitLabUrlsInSourceControlInformation;TranslateAzureReposGitUrlsInSourceControlInformation" (valor anterior: ";TranslateGitHubUrlsInSourceControlInformation;TranslateGitLabUrlsInSourceControlInformation") en /home/rko735/.dotnet/sdk/8.0.424/Sdks/Microsoft.SourceLink.AzureRepos.Git/build/Microsoft.SourceLink.AzureRepos.Git.targets (13,5)
       Reasignación de propiedad: $(SourceLinkUrlInitializerTargets)=";_InitializeGitHubSourceLinkUrl;_InitializeGitLabSourceLinkUrl;_InitializeAzureReposGitSourceLinkUrl;_InitializeBitbucketGitSourceLinkUrl" (valor anterior: ";_InitializeGitHubSourceLinkUrl;_InitializeGitLabSourceLinkUrl;_InitializeAzureReposGitSourceLinkUrl") en /home/rko735/.dotnet/sdk/8.0.424/Sdks/Microsoft.SourceLink.Bitbucket.Git/build/Microsoft.SourceLink.Bitbucket.Git.targets (12,5)
       Reasignación de propiedad: $(SourceControlManagerUrlTranslationTargets)=";TranslateGitHubUrlsInSourceControlInformation;TranslateGitLabUrlsInSourceControlInformation;TranslateAzureReposGitUrlsInSourceControlInformation;TranslateBitbucketGitUrlsInSourceControlInformation" (valor anterior: ";TranslateGitHubUrlsInSourceControlInformation;TranslateGitLabUrlsInSourceControlInformation;TranslateAzureReposGitUrlsInSourceControlInformation") en /home/rko735/.dotnet/sdk/8.0.424/Sdks/Microsoft.SourceLink.Bitbucket.Git/build/Microsoft.SourceLink.Bitbucket.Git.targets (13,5)
       Reasignación de propiedad: $(DesignerRuntimeImplementationProjectOutputGroupDependsOn)="
             
             ;
             
             ;
             BuildOnlySettings;
             PrepareForBuild;
             AssignTargetPaths;
             ResolveReferences
           
           ;
             _GenerateDesignerDepsFile;
             _GenerateDesignerRuntimeConfigFile;
             GetCopyToOutputDirectoryItems;
             _GatherDesignerShadowCopyFiles;
           " (valor anterior: "
             ;
             
             ;
             BuildOnlySettings;
             PrepareForBuild;
             AssignTargetPaths;
             ResolveReferences
           
           ") en /home/rko735/.dotnet/sdk/8.0.424/Sdks/Microsoft.NET.Sdk/targets/Microsoft.NET.DesignerSupport.targets (21,5)
       Reasignación de propiedad: $(_GenerateToolsSettingsFileCacheFile)="/home/rko735/Documentos/Subnautica-Below-Zero-Multiplayer/obj/Debug/netstandard2.0/Subnautica.Multiplayer.toolssettingsinput.cache" (valor anterior: "obj/Debug/netstandard2.0/Subnautica.Multiplayer.toolssettingsinput.cache") en /home/rko735/.dotnet/sdk/8.0.424/Sdks/Microsoft.NET.Sdk/targets/Microsoft.NET.PackTool.targets (68,5)
       Reasignación de propiedad: $(_ShimInputCacheFile)="/home/rko735/Documentos/Subnautica-Below-Zero-Multiplayer/obj/Debug/netstandard2.0/Subnautica.Multiplayer.shiminput.cache" (valor anterior: "obj/Debug/netstandard2.0/Subnautica.Multiplayer.shiminput.cache") en /home/rko735/.dotnet/sdk/8.0.424/Sdks/Microsoft.NET.Sdk/targets/Microsoft.NET.PackTool.targets (137,5)
       Reasignación de propiedad: $(_ShimCreatedSentinelFile)="/home/rko735/Documentos/Subnautica-Below-Zero-Multiplayer/obj/Debug/netstandard2.0/Subnautica.Multiplayer.shimcreated.sentinel" (valor anterior: "obj/Debug/netstandard2.0/Subnautica.Multiplayer.shimcreated.sentinel") en /home/rko735/.dotnet/sdk/8.0.424/Sdks/Microsoft.NET.Sdk/targets/Microsoft.NET.PackTool.targets (139,5)
       Reasignación de propiedad: $(DefineConstants)="TRACE;DEBUG" (valor anterior: "TRACE") en /home/rko735/.dotnet/sdk/8.0.424/Sdks/Microsoft.NET.Sdk/targets/Microsoft.NET.Sdk.CSharp.targets (31,5)
       Reasignación de propiedad: $(DefineConstants)="TRACE;DEBUG;NETSTANDARD;NETSTANDARD2_0;" (valor anterior: "TRACE;DEBUG") en /home/rko735/.dotnet/sdk/8.0.424/Sdks/Microsoft.NET.Sdk/targets/Microsoft.NET.Sdk.CSharp.targets (34,5)
       Reasignación de propiedad: $(SupportedOSPlatformVersion)="7.0" (valor anterior: "") en /home/rko735/.dotnet/sdk/8.0.424/Sdks/Microsoft.NET.Sdk/targets/Microsoft.NET.Windows.targets (44,5)
       Reasignación de propiedad: $(TargetPlatformMinVersion)="7.0" (valor anterior: "") en /home/rko735/.dotnet/sdk/8.0.424/Sdks/Microsoft.NET.Sdk/targets/Microsoft.NET.Windows.targets (45,5)
       Reasignación de propiedad: $(PackageDescription)="Package Description" (valor anterior: "") en /home/rko735/.dotnet/sdk/8.0.424/Sdks/NuGet.Build.Tasks.Pack/build/NuGet.Build.Tasks.Pack.targets (34,5)
       Reasignación de propiedad: $(GenerateNuspecDependsOn)="Build;_LoadPackInputItems; _GetTargetFrameworksOutput; _WalkEachTargetPerFramework; _GetPackageFiles; " (valor anterior: "_LoadPackInputItems; _GetTargetFrameworksOutput; _WalkEachTargetPerFramework; _GetPackageFiles; ") en /home/rko735/.dotnet/sdk/8.0.424/Sdks/NuGet.Build.Tasks.Pack/build/NuGet.Build.Tasks.Pack.targets (59,5)
       Reasignación de propiedad: $(_IsNotSetContainersTargetsDir)="true" (valor anterior: "false") en /home/rko735/.dotnet/sdk/8.0.424/Sdks/Microsoft.NET.Sdk/Sdk/Sdk.targets (59,5)
       Reasignación de propiedad: $(_IsSDKContainerAllowedVersion)="true" (valor anterior: "false") en /home/rko735/.dotnet/sdk/8.0.424/Containers/build/Microsoft.NET.Build.Containers.targets (5,5)
       Ensamblado cargado durante Evaluation: System.Reflection.Emit.ILGeneration, Version=8.0.0.0, Culture=neutral, PublicKeyToken=b03f5f7f11d50a3a(ubicación: /home/rko735/.dotnet/shared/Microsoft.NETCore.App/8.0.30/System.Reflection.Emit.ILGeneration.dll, MVID: fdc65482-2531-4b47-b186-28b2732de268, AssemblyLoadContext: Default)
       Invalidando el destino "ResolveFrameworkReferences" del proyecto"/home/rko735/.dotnet/sdk/8.0.424/Microsoft.Common.CurrentVersion.targets" con el destino "ResolveFrameworkReferences" del proyecto "/home/rko735/.dotnet/sdk/8.0.424/Sdks/Microsoft.NET.Sdk/targets/Microsoft.NET.Sdk.FrameworkReferenceResolution.targets".
       Invalidando el destino "Run" del proyecto"/home/rko735/.dotnet/sdk/8.0.424/Microsoft.Common.CurrentVersion.targets" con el destino "Run" del proyecto "/home/rko735/.dotnet/sdk/8.0.424/Sdks/Microsoft.NET.Sdk/targets/Microsoft.NET.Sdk.targets".
       Invalidando el destino "GenerateSupportedTargetFrameworkAlias" del proyecto"/home/rko735/.dotnet/sdk/8.0.424/Microsoft.Common.CurrentVersion.targets" con el destino "GenerateSupportedTargetFrameworkAlias" del proyecto "/home/rko735/.dotnet/sdk/8.0.424/Sdks/Microsoft.NET.Sdk/targets/Microsoft.NET.Sdk.targets".
       Invalidando el destino "GetReferenceAssemblyPaths" del proyecto"/home/rko735/.dotnet/sdk/8.0.424/Microsoft.Common.CurrentVersion.targets" con el destino "GetReferenceAssemblyPaths" del proyecto "/home/rko735/.dotnet/sdk/8.0.424/Sdks/Microsoft.NET.Sdk/targets/Microsoft.NET.DisableStandardFrameworkResolution.targets".
       Invalidando el destino "GetFrameworkPaths" del proyecto"/home/rko735/.dotnet/sdk/8.0.424/Microsoft.Common.CurrentVersion.targets" con el destino "GetFrameworkPaths" del proyecto "/home/rko735/.dotnet/sdk/8.0.424/Sdks/Microsoft.NET.Sdk/targets/Microsoft.NET.DisableStandardFrameworkResolution.targets".
       Invalidando el destino "DesignerRuntimeImplementationProjectOutputGroup" del proyecto"/home/rko735/.dotnet/sdk/8.0.424/Microsoft.Common.CurrentVersion.targets" con el destino "DesignerRuntimeImplementationProjectOutputGroup" del proyecto "/home/rko735/.dotnet/sdk/8.0.424/Sdks/Microsoft.NET.Sdk/targets/Microsoft.NET.DesignerSupport.targets".
       Invalidando el destino "Publish" del proyecto"/home/rko735/.dotnet/sdk/8.0.424/Microsoft.Common.CurrentVersion.targets" con el destino "Publish" del proyecto "/home/rko735/.dotnet/sdk/8.0.424/Sdks/Microsoft.NET.Sdk/targets/Microsoft.NET.Publish.targets".
       Invalidando el destino "ResolveReadyToRunCompilers" del proyecto"/home/rko735/.dotnet/sdk/8.0.424/Sdks/Microsoft.NET.Sdk/targets/Microsoft.NET.CrossGen.targets" con el destino "ResolveReadyToRunCompilers" del proyecto "/home/rko735/.dotnet/sdk/8.0.424/Sdks/Microsoft.NET.Sdk/targets/Microsoft.NET.Publish.targets".
       Invalidando el destino "GetCopyToPublishDirectoryItems" del proyecto"/home/rko735/.dotnet/sdk/8.0.424/Microsoft.Common.CurrentVersion.targets" con el destino "GetCopyToPublishDirectoryItems" del proyecto "/home/rko735/.dotnet/sdk/8.0.424/Sdks/Microsoft.NET.Sdk/targets/Microsoft.NET.Publish.targets".
     1>Proyecto "/home/rko735/Documentos/Subnautica-Below-Zero-Multiplayer/Subnautica.Multiplayer.csproj" en nodo 1 (destinos predeterminados).
     1>Se omitió el destino "_CheckForUnsupportedTargetFramework" debido a una condición falsa (False); ('$(_UnsupportedTargetFrameworkError)' == 'true') se evaluó como ('' == 'true').
     1>Destino "_CollectTargetFrameworkForTelemetry" en el archivo "/home/rko735/.dotnet/sdk/8.0.424/Sdks/Microsoft.NET.Sdk/targets/Microsoft.NET.TargetFrameworkInference.targets" del proyecto "/home/rko735/Documentos/Subnautica-Below-Zero-Multiplayer/Subnautica.Multiplayer.csproj" (el destino "_CheckForInvalidConfigurationAndPlatform" depende de él):
       Usando la tarea "AllowEmptyTelemetry" del ensamblado "/home/rko735/.dotnet/sdk/8.0.424/Sdks/Microsoft.NET.Sdk/targets/../tools/net8.0/Microsoft.NET.Build.Tasks.dll".
       Tarea "AllowEmptyTelemetry"
       Ejecución de la tarea "AllowEmptyTelemetry" terminada.
     1>Compilación terminada del destino "_CollectTargetFrameworkForTelemetry" en el proyecto "Subnautica.Multiplayer.csproj".
       Se omitió el destino "_CheckForUnsupportedTargetPlatformIdentifier" debido a una condición falsa (False); ('$(TargetPlatformIdentifier)' != '' and '$(TargetFrameworkIdentifier)' == '.NETCoreApp' and $([MSBuild]::VersionGreaterThanOrEquals($(TargetFrameworkVersion), 5.0)) And ('$(DesignTimeBuild)' != 'true' Or '@(MissingWorkloadPack)' == '')) se evaluó como ('Windows' != '' and '.NETStandard' == '.NETCoreApp' and False And ('' != 'true' Or '' == '')).
       Se omitió el destino "_CheckForMissingWorkload" debido a una condición falsa (False); ('@(MissingWorkloadPack)' != '' And '$(DesignTimeBuild)' != 'true') se evaluó como ('' != '' And '' != 'true').
       Se omitió el destino "_CheckForUnsupportedNETCoreVersion" debido a una condición falsa (False); ('$(TargetFrameworkIdentifier)' == '.NETCoreApp' And '$(NETCoreAppMaximumVersion)' != '') se evaluó como ('.NETStandard' == '.NETCoreApp' And '8.0' != '').
       Se omitió el destino "_CheckForEolTargetFrameworks" debido a una condición falsa (False); ('@(_EolNetCoreTargetFrameworkVersions->AnyHaveMetadataValue('Identity', '$(_TargetFrameworkVersionWithoutV)'))' and '$(TargetFrameworkIdentifier)' == '.NETCoreApp' and '$(CheckEolTargetFramework)' == 'true') se evaluó como ('true' and '.NETStandard' == '.NETCoreApp' and '' == 'true').
       Se omitió el destino "_CheckForEolWorkloads" debido a una condición falsa (False); ('@(EolWorkload)' != '' and '$(CheckEolWorkloads)' == 'true') se evaluó como ('' != '' and 'true' == 'true').
     1>Destino "_CheckForUnsupportedCppNETCoreVersion" en el archivo "/home/rko735/.dotnet/sdk/8.0.424/Sdks/Microsoft.NET.Sdk/targets/Microsoft.NET.TargetFrameworkInference.targets" del proyecto "/home/rko735/Documentos/Subnautica-Below-Zero-Multiplayer/Subnautica.Multiplayer.csproj" (el destino "_CheckForInvalidConfigurationAndPlatform" depende de él):
       Se omitió la tarea "NETSdkError" debido a una condición falsa (False); ('$(TargetFrameworkIdentifier)' == '.NETCoreApp' and '$(_TargetFrameworkVersionWithoutV)' < '3.1' and ('$(Language)' == 'C++' and '$(_EnablePackageReferencesInVCProjects)' != 'true')) se evaluó como ('.NETStandard' == '.NETCoreApp' and '2.0' < '3.1' and ('C#' == 'C++' and '' != 'true')).
     1>Compilación terminada del destino "_CheckForUnsupportedCppNETCoreVersion" en el proyecto "Subnautica.Multiplayer.csproj".
     1>Destino "_CheckForUnsupportedNETStandardVersion" en el archivo "/home/rko735/.dotnet/sdk/8.0.424/Sdks/Microsoft.NET.Sdk/targets/Microsoft.NET.TargetFrameworkInference.targets" del proyecto "/home/rko735/Documentos/Subnautica-Below-Zero-Multiplayer/Subnautica.Multiplayer.csproj" (el destino "_CheckForInvalidConfigurationAndPlatform" depende de él):
       Se omitió la tarea "NETSdkError" debido a una condición falsa (False); ('$(_TargetFrameworkVersionWithoutV)' > '$(NETStandardMaximumVersion)') se evaluó como ('2.0' > '2.1').
     1>Compilación terminada del destino "_CheckForUnsupportedNETStandardVersion" en el proyecto "Subnautica.Multiplayer.csproj".
       Se omitió el destino "_CheckForUnsupportedTargetFrameworkAndFeatureCombination" debido a una condición falsa (False); ('$(TargetFrameworkIdentifier)' == '.NETFramework') se evaluó como ('.NETStandard' == '.NETFramework').
       Se omitió el destino "_CheckForSupportedOSPlatformVersionHigherThanTargetPlatformVersion" debido a una condición falsa (False); ('$(TargetPlatformVersion)' != '' and '$(TargetFrameworkIdentifier)' == '.NETCoreApp' and $([MSBuild]::VersionGreaterThanOrEquals($(TargetFrameworkVersion), 5.0))) se evaluó como ('7.0' != '' and '.NETStandard' == '.NETCoreApp' and False).
       Se omitió el destino "_CheckForInvalidTargetPlatformVersion" debido a una condición falsa (False); ('$(TargetPlatformVersion)' != '' and '$(TargetFrameworkIdentifier)' == '.NETCoreApp' and $([MSBuild]::VersionGreaterThanOrEquals($(TargetFrameworkVersion), 5.0)) and ('$(Language)' != 'C++' or '$(_EnablePackageReferencesInVCProjects)' == 'true')) se evaluó como ('7.0' != '' and '.NETStandard' == '.NETCoreApp' and False and ('C#' != 'C++' or '' == 'true')).
     1>Destino "_CheckForUnsupportedArtifactsPath" en el archivo "/home/rko735/.dotnet/sdk/8.0.424/Sdks/Microsoft.NET.Sdk/targets/Microsoft.NET.DefaultOutputPaths.targets" del proyecto "/home/rko735/Documentos/Subnautica-Below-Zero-Multiplayer/Subnautica.Multiplayer.csproj" (el destino "_CheckForInvalidConfigurationAndPlatform" depende de él):
       Se omitió la tarea "NetSdkError" debido a una condición falsa (False); ('$(UseArtifactsOutput)' == 'true' and '$(_ArtifactsPathSetEarly)' != 'true') se evaluó como ('' == 'true' and '' != 'true').
       Se omitió la tarea "NetSdkError" debido a una condición falsa (False); ('$(_ArtifactsPathLocationType)' == 'ProjectFolder') se evaluó como ('' == 'ProjectFolder').
     1>Compilación terminada del destino "_CheckForUnsupportedArtifactsPath" en el proyecto "Subnautica.Multiplayer.csproj".
       Se omitió el destino "_CheckForMissingWorkload" debido a una condición falsa (False); ('@(MissingWorkloadPack)' != '' And '$(DesignTimeBuild)' != 'true') se evaluó como ('' != '' And '' != 'true').
       Se omitió el destino "_CheckForUnsupportedAppHostUsage" debido a una condición falsa (False); ('$(TargetFrameworkIdentifier)' == '.NETCoreApp' and '$(HasRuntimeOutput)' == 'true') se evaluó como ('.NETStandard' == '.NETCoreApp' and '' == 'true').
       Se omitió el destino "_CheckForUnsupportedHostingUsage" debido a una condición falsa (False); ('$(TargetFrameworkIdentifier)' == '.NETCoreApp') se evaluó como ('.NETStandard' == '.NETCoreApp').
       Se omitió el destino "_CheckAndUnsetUnsupportedPrefer32Bit" debido a una condición falsa (False); ('$(TargetFrameworkIdentifier)' == '.NETCoreApp' and '$(_TargetFrameworkVersionWithoutV)' >= '7.0') se evaluó como ('.NETStandard' == '.NETCoreApp' and '2.0' >= '7.0').
       Se omitió el destino "_CheckForMismatchingPlatform" debido a una condición falsa (False); ('$(RuntimeIdentifier)' != '' and '$(PlatformTarget)' != '') se evaluó como ('' != '' and '' != '').
     1>Destino "_CheckForLanguageAndFeatureCombinationSupport" en el archivo "/home/rko735/.dotnet/sdk/8.0.424/Sdks/Microsoft.NET.Sdk/targets/Microsoft.NET.RuntimeIdentifierInference.targets" del proyecto "/home/rko735/Documentos/Subnautica-Below-Zero-Multiplayer/Subnautica.Multiplayer.csproj" (el destino "_CheckForInvalidConfigurationAndPlatform" depende de él):
       Se omitió la tarea "NETSdkError" debido a una condición falsa (False); (('$(Language)' == 'C++' and '$(_EnablePackageReferencesInVCProjects)' != 'true') and $(OutputType) != 'library' and '$(TargetFrameworkIdentifier)' == '.NETCoreApp') se evaluó como (('C#' == 'C++' and '' != 'true') and Library != 'library' and '.NETStandard' == '.NETCoreApp').
       Se omitió la tarea "NETSdkError" debido a una condición falsa (False); (('$(Language)' == 'C++' and '$(_EnablePackageReferencesInVCProjects)' != 'true') and $(EnableComHosting) == 'true') se evaluó como (('C#' == 'C++' and '' != 'true') and  == 'true').
       Se omitió la tarea "NETSdkError" debido a una condición falsa (False); (('$(Language)' == 'C++' and '$(_EnablePackageReferencesInVCProjects)' != 'true') and $(SelfContained) == 'true') se evaluó como (('C#' == 'C++' and '' != 'true') and  == 'true').
     1>Compilación terminada del destino "_CheckForLanguageAndFeatureCombinationSupport" en el proyecto "Subnautica.Multiplayer.csproj".
       Se omitió el destino "_CheckForNETCoreSdkIsPreview" debido a una condición falsa (False); ( '$(_NETCoreSdkIsPreview)' == 'true' AND '$(SuppressNETCoreSdkPreviewMessage)' != 'true' ) se evaluó como ( 'false' == 'true' AND '' != 'true' ).
     1>Destino "_GetProjectJsonPath" en el archivo "/home/rko735/.dotnet/sdk/8.0.424/NuGet.targets" del proyecto "/home/rko735/Documentos/Subnautica-Below-Zero-Multiplayer/Subnautica.Multiplayer.csproj" (el destino "_GetRestoreProjectStyle" depende de él):
       Se omitió la tarea "GetRestoreProjectJsonPathTask" debido a una condición falsa (False); ( '$(RestoreProjectStyle)' == 'ProjectJson' OR '$(RestoreProjectStyle)' == '' ) se evaluó como ( 'PackageReference' == 'ProjectJson' OR 'PackageReference' == '' ).
     1>Compilación terminada del destino "_GetProjectJsonPath" en el proyecto "Subnautica.Multiplayer.csproj".
       Se omitió el destino "_CheckForUnsupportedTargetPlatformIdentifier" debido a una condición falsa (False); ('$(TargetPlatformIdentifier)' != '' and '$(TargetFrameworkIdentifier)' == '.NETCoreApp' and $([MSBuild]::VersionGreaterThanOrEquals($(TargetFrameworkVersion), 5.0)) And ('$(DesignTimeBuild)' != 'true' Or '@(MissingWorkloadPack)' == '')) se evaluó como ('Windows' != '' and '.NETStandard' == '.NETCoreApp' and False And ('' != 'true' Or '' == '')).
       Se omitió el destino "_CheckForMissingWorkload" debido a una condición falsa (False); ('@(MissingWorkloadPack)' != '' And '$(DesignTimeBuild)' != 'true') se evaluó como ('' != '' And '' != 'true').
       Se omitió el destino "_CheckForUnsupportedNETCoreVersion" debido a una condición falsa (False); ('$(TargetFrameworkIdentifier)' == '.NETCoreApp' And '$(NETCoreAppMaximumVersion)' != '') se evaluó como ('.NETStandard' == '.NETCoreApp' And '8.0' != '').
       Se omitió el destino "_CheckForEolTargetFrameworks" debido a una condición falsa (False); ('@(_EolNetCoreTargetFrameworkVersions->AnyHaveMetadataValue('Identity', '$(_TargetFrameworkVersionWithoutV)'))' and '$(TargetFrameworkIdentifier)' == '.NETCoreApp' and '$(CheckEolTargetFramework)' == 'true') se evaluó como ('true' and '.NETStandard' == '.NETCoreApp' and '' == 'true').
       Se omitió el destino "_CheckForEolWorkloads" debido a una condición falsa (False); ('@(EolWorkload)' != '' and '$(CheckEolWorkloads)' == 'true') se evaluó como ('' != '' and 'true' == 'true').
       Se omitió el destino "_CheckForUnsupportedTargetFrameworkAndFeatureCombination" debido a una condición falsa (False); ('$(TargetFrameworkIdentifier)' == '.NETFramework') se evaluó como ('.NETStandard' == '.NETFramework').
       Se omitió el destino "UpdateAspNetToFrameworkReference" debido a una condición falsa (False); ('$(TargetFrameworkIdentifier)' == '.NETCoreApp' And '$(_TargetFrameworkVersionWithoutV)' >= '3.0') se evaluó como ('.NETStandard' == '.NETCoreApp' And '2.0' >= '3.0').
       Se omitió el destino "IncludeTargetingPackReference" debido a una condición falsa (False); ('$(TargetFrameworkMoniker)' != '' and '$(TargetFrameworkIdentifier)' == '.NETFramework' and '$(AutomaticallyUseReferenceAssemblyPackages)' == 'true') se evaluó como ('.NETStandard,Version=v2.0' != '' and '.NETStandard' == '.NETFramework' and 'true' == 'true').
     1>Destino "CheckForImplicitPackageReferenceOverrides" en el archivo "/home/rko735/.dotnet/sdk/8.0.424/Sdks/Microsoft.NET.Sdk/targets/Microsoft.NET.Sdk.DefaultItems.Shared.targets" del proyecto "/home/rko735/Documentos/Subnautica-Below-Zero-Multiplayer/Subnautica.Multiplayer.csproj" (el destino "ApplyImplicitVersions" depende de él):
       Usando la tarea "CheckForImplicitPackageReferenceOverrides" del ensamblado "/home/rko735/.dotnet/sdk/8.0.424/Sdks/Microsoft.NET.Sdk/targets/../tools/net8.0/Microsoft.NET.Build.Tasks.dll".
       Tarea "CheckForImplicitPackageReferenceOverrides"
       Ejecución de la tarea "CheckForImplicitPackageReferenceOverrides" terminada.
     1>Compilación terminada del destino "CheckForImplicitPackageReferenceOverrides" en el proyecto "Subnautica.Multiplayer.csproj".
     1>Destino "ApplyImplicitVersions" en el archivo "/home/rko735/.dotnet/sdk/8.0.424/Sdks/Microsoft.NET.Sdk/targets/Microsoft.NET.Sdk.DefaultItems.Shared.targets" del proyecto "/home/rko735/Documentos/Subnautica-Below-Zero-Multiplayer/Subnautica.Multiplayer.csproj" (el destino "CollectPackageReferences" depende de él):
       Usando la tarea "ApplyImplicitVersions" del ensamblado "/home/rko735/.dotnet/sdk/8.0.424/Sdks/Microsoft.NET.Sdk/targets/../tools/net8.0/Microsoft.NET.Build.Tasks.dll".
       Tarea "ApplyImplicitVersions"
       Ejecución de la tarea "ApplyImplicitVersions" terminada.
     1>Compilación terminada del destino "ApplyImplicitVersions" en el proyecto "Subnautica.Multiplayer.csproj".
       Se omitió el destino "CheckForImplicitPackageReferenceOverrides". Compilado previamente de forma correcta.
       Se omitió el destino "ProcessFrameworkReferences" debido a una condición falsa (False); ('@(FrameworkReference)' != '' Or '$(_RequiresILLinkPack)' == 'true') se evaluó como ('' != '' Or '' == 'true').
       Se omitió el destino "_NormalizeTargetPlatformVersion" debido a una condición falsa (False); ('$(TargetPlatformVersion)' != '' and '$(TargetFrameworkIdentifier)' == '.NETCoreApp' and $([MSBuild]::VersionGreaterThanOrEquals($(TargetFrameworkVersion), 5.0)) and ('$(Language)' != 'C++' or '$(_EnablePackageReferencesInVCProjects)' == 'true')) se evaluó como ('7.0' != '' and '.NETStandard' == '.NETCoreApp' and False and ('C#' != 'C++' or '' == 'true')).
     1>Destino "_ComputeToolPackInputsToProcessFrameworkReferences" en el archivo "/home/rko735/.dotnet/sdk/8.0.424/Sdks/Microsoft.NET.Sdk/targets/Microsoft.NET.Publish.targets" del proyecto "/home/rko735/Documentos/Subnautica-Below-Zero-Multiplayer/Subnautica.Multiplayer.csproj" (el destino "ProcessFrameworkReferences" depende de él):
     1>Compilación terminada del destino "_ComputeToolPackInputsToProcessFrameworkReferences" en el proyecto "Subnautica.Multiplayer.csproj".
       Se omitió el destino "IncludeTargetingPackReference" debido a una condición falsa (False); ('$(TargetFrameworkMoniker)' != '' and '$(TargetFrameworkIdentifier)' == '.NETFramework' and '$(AutomaticallyUseReferenceAssemblyPackages)' == 'true') se evaluó como ('.NETStandard,Version=v2.0' != '' and '.NETStandard' == '.NETFramework' and 'true' == 'true').
     1>Destino "_AddMicrosoftNetCompilerToolsetFrameworkPackage" en el archivo "/home/rko735/.dotnet/sdk/8.0.424/Sdks/Microsoft.NET.Sdk/targets/Microsoft.NET.Sdk.targets" del proyecto "/home/rko735/Documentos/Subnautica-Below-Zero-Multiplayer/Subnautica.Multiplayer.csproj" (el destino "CollectPackageReferences" depende de él):
       Se omitió la tarea "NETSdkWarning" debido a una condición falsa (False); ('@(PackageReference->AnyHaveMetadataValue('Identity', 'Microsoft.Net.Compilers.Toolset.Framework'))' == 'true') se evaluó como ('false' == 'true').
     1>Compilación terminada del destino "_AddMicrosoftNetCompilerToolsetFrameworkPackage" en el proyecto "Subnautica.Multiplayer.csproj".
     1>Destino "_CheckForObsoleteDotNetCliToolReferences" en el archivo "/home/rko735/.dotnet/sdk/8.0.424/Sdks/Microsoft.NET.Sdk/targets/Microsoft.NET.ObsoleteReferences.targets" del proyecto "/home/rko735/Documentos/Subnautica-Below-Zero-Multiplayer/Subnautica.Multiplayer.csproj" (el destino "CollectPackageReferences" depende de él):
       Se omitió la tarea "NETSdkWarning" debido a una condición falsa (False); ( '%(_ReferenceToObsoleteDotNetCliTool.Identity)' != '' ) se evaluó como ( '' != '' ).
     1>Compilación terminada del destino "_CheckForObsoleteDotNetCliToolReferences" en el proyecto "Subnautica.Multiplayer.csproj".
     1>Destino "CollectPackageReferences" en el archivo "/home/rko735/.dotnet/sdk/8.0.424/NuGet.targets" del proyecto "/home/rko735/Documentos/Subnautica-Below-Zero-Multiplayer/Subnautica.Multiplayer.csproj" (el destino "_GetRestoreProjectStyle" depende de él):
       Ensamblado cargado durante TaskRun: NuGet.Build.Tasks, Version=6.11.2.1, Culture=neutral, PublicKeyToken=31bf3856ad364e35(ubicación: /home/rko735/.dotnet/sdk/8.0.424/NuGet.Build.Tasks.dll, MVID: 3f3a6e89-b56d-43da-8480-71aeb94f0e02, AssemblyLoadContext: MSBuild plugin /home/rko735/.dotnet/sdk/8.0.424/NuGet.Build.Tasks.dll)
       Ensamblado cargado durante TaskRun: NuGet.Common, Version=6.11.2.1, Culture=neutral, PublicKeyToken=31bf3856ad364e35(ubicación: /home/rko735/.dotnet/sdk/8.0.424/NuGet.Common.dll, MVID: 15376c23-a43e-4971-b931-008e4d673049, AssemblyLoadContext: MSBuild plugin /home/rko735/.dotnet/sdk/8.0.424/NuGet.Build.Tasks.dll)
       Ensamblado cargado durante TaskRun: NuGet.Commands, Version=6.11.2.1, Culture=neutral, PublicKeyToken=31bf3856ad364e35(ubicación: /home/rko735/.dotnet/sdk/8.0.424/NuGet.Commands.dll, MVID: ff044f7d-8bd9-4bc1-89f4-801a22469c8a, AssemblyLoadContext: MSBuild plugin /home/rko735/.dotnet/sdk/8.0.424/NuGet.Build.Tasks.dll)
       Ensamblado cargado durante TaskRun: NuGet.ProjectModel, Version=6.11.2.1, Culture=neutral, PublicKeyToken=31bf3856ad364e35(ubicación: /home/rko735/.dotnet/sdk/8.0.424/NuGet.ProjectModel.dll, MVID: 755a1321-399c-4749-8017-d641fe1d10e2, AssemblyLoadContext: MSBuild plugin /home/rko735/.dotnet/sdk/8.0.424/NuGet.Build.Tasks.dll)
       Usando la tarea "CheckForDuplicateNuGetItemsTask" del ensamblado "/home/rko735/.dotnet/sdk/8.0.424/NuGet.Build.Tasks.dll".
       Tarea "CheckForDuplicateNuGetItemsTask"
       Ejecución de la tarea "CheckForDuplicateNuGetItemsTask" terminada.
     1>Compilación terminada del destino "CollectPackageReferences" en el proyecto "Subnautica.Multiplayer.csproj".
     1>Destino "_GetRestoreProjectStyle" en el archivo "/home/rko735/.dotnet/sdk/8.0.424/NuGet.targets" del proyecto "/home/rko735/Documentos/Subnautica-Below-Zero-Multiplayer/Subnautica.Multiplayer.csproj" (el destino "EnableIntermediateOutputPathMismatchWarning" depende de él):
       Usando la tarea "GetRestoreProjectStyleTask" del ensamblado "/home/rko735/.dotnet/sdk/8.0.424/NuGet.Build.Tasks.dll".
       Tarea "GetRestoreProjectStyleTask"
       Ejecución de la tarea "GetRestoreProjectStyleTask" terminada.
     1>Compilación terminada del destino "_GetRestoreProjectStyle" en el proyecto "Subnautica.Multiplayer.csproj".
     1>Destino "EnableIntermediateOutputPathMismatchWarning" en el archivo "/home/rko735/.dotnet/sdk/8.0.424/NuGet.targets" del proyecto "/home/rko735/Documentos/Subnautica-Below-Zero-Multiplayer/Subnautica.Multiplayer.csproj" (el destino "_CheckForInvalidConfigurationAndPlatform" depende de él):
     1>Compilación terminada del destino "EnableIntermediateOutputPathMismatchWarning" en el proyecto "Subnautica.Multiplayer.csproj".
       Se omitió el destino "ApplyImplicitVersions". Compilado previamente de forma correcta.
       Se omitió el destino "CheckForImplicitPackageReferenceOverrides". Compilado previamente de forma correcta.
     1>Destino "CheckForDuplicateItems" en el archivo "/home/rko735/.dotnet/sdk/8.0.424/Sdks/Microsoft.NET.Sdk/targets/Microsoft.NET.Sdk.DefaultItems.Shared.targets" del proyecto "/home/rko735/Documentos/Subnautica-Below-Zero-Multiplayer/Subnautica.Multiplayer.csproj" (el destino "_CheckForInvalidConfigurationAndPlatform" depende de él):
       Usando la tarea "CheckForDuplicateItems" del ensamblado "/home/rko735/.dotnet/sdk/8.0.424/Sdks/Microsoft.NET.Sdk/targets/../tools/net8.0/Microsoft.NET.Build.Tasks.dll".
       Tarea "CheckForDuplicateItems"
     1>/home/rko735/.dotnet/sdk/8.0.424/Sdks/Microsoft.NET.Sdk/targets/Microsoft.NET.Sdk.DefaultItems.Shared.targets(190,5): error NETSDK1022: Se incluyeron "Compile" elementos duplicados. El SDK de .NET incluye "Compile" elementos de su directorio de proyecto de manera predeterminada. Puede quitar esos elementos del archivo de proyecto o establecer la propiedad "EnableDefaultCompileItems" en "false" si desea incluirlos explícitamente en el archivo de proyecto. Para más información, consulte https://aka.ms/sdkimplicititems. Los elementos duplicados eran: 'Subnautica.API/Constants/SupplyDrop.cs'; 'Subnautica.API/Enums/BuildingProgressType.cs'; 'Subnautica.API/Enums/ConnectionSignal.cs'; 'Subnautica.API/Enums/Creatures/GlowWhale.cs'; 'Subnautica.API/Enums/CreatureSpawnLevel.cs'; 'Subnautica.API/Enums/DynamicEntityState.cs'; 'Subnautica.API/Enums/EntitySpawnLevel.cs'; 'Subnautica.API/Enums/JukeboxProcessType.cs'; 'Subnautica.API/Enums/LogLevel.cs'; 'Subnautica.API/Enums/NetworkChannel.cs'; 'Subnautica.API/Enums/PickupSourceType.cs'; 'Subnautica.API/Enums/PlayerAnimationType.cs'; 'Subnautica.API/Enums/ProcessType.cs'; 'Subnautica.API/Enums/SlotType.cs'; 'Subnautica.API/Enums/StoryCinematicType.cs'; 'Subnautica.API/Enums/SubnauticaPluginPriority.cs'; 'Subnautica.API/Enums/VersionType.cs'; 'Subnautica.API/Enums/ZeroKinematicState.cs'; 'Subnautica.API/Enums/ZeroModalSize.cs'; 'Subnautica.API/Extensions/BaseGhostExtensions.cs'; 'Subnautica.API/Extensions/CreatureExtensions.cs'; 'Subnautica.API/Extensions/EventExtensions.cs'; 'Subnautica.API/Extensions/GameExtensions.cs'; 'Subnautica.API/Extensions/ProtobufExtensions.cs'; 'Subnautica.API/Extensions/StringExtensions.cs'; 'Subnautica.API/Extensions/TechExtensions.cs'; 'Subnautica.API/Extensions/UnityExtensions.cs'; 'Subnautica.API/Extensions/ZeroExtensions.cs'; 'Subnautica.API/Features/BroadcastInterval.cs'; 'Subnautica.API/Features/Compressors/UnityCompressor_Int.cs'; 'Subnautica.API/Features/Compressors/UnityCompressor_Long.cs'; 'Subnautica.API/Features/CreatureData.cs'; 'Subnautica.API/Features/Creatures/CreatureQueueItem.cs'; 'Subnautica.API/Features/Creatures/Datas/ArcticRayData.cs'; 'Subnautica.API/Features/Creatures/Datas/BaseCreatureData.cs'; 'Subnautica.API/Features/Creatures/Datas/BruteSharkData.cs'; 'Subnautica.API/Features/Creatures/Datas/ChelicerateData.cs'; 'Subnautica.API/Features/Creatures/Datas/CrashFishData.cs'; 'Subnautica.API/Features/Creatures/Datas/CryptosuchusData.cs'; 'Subnautica.API/Features/Creatures/Datas/Eggs/GlowWhaleEggData.cs'; 'Subnautica.API/Features/Creatures/Datas/GlowWhaleData.cs'; 'Subnautica.API/Features/Creatures/Datas/JellyFishData.cs'; 'Subnautica.API/Features/Creatures/Datas/LilyPaddlerData.cs'; 'Subnautica.API/Features/Creatures/Datas/ShadowLeviathanData.cs'; 'Subnautica.API/Features/Creatures/Datas/SkyrayData.cs'; 'Subnautica.API/Features/Creatures/Datas/TitanHolefishData.cs'; 'Subnautica.API/Features/Creatures/Datas/VentGardenSmallData.cs'; 'Subnautica.API/Features/Creatures/Datas/VoidLeviathanData.cs'; 'Subnautica.API/Features/Creatures/MonoBehaviours/BaseCreatureMonoBehaviour.cs'; 'Subnautica.API/Features/Creatures/MonoBehaviours/CrashFishMonobehaviour.cs'; 'Subnautica.API/Features/Creatures/MonoBehaviours/GlowWhaleMonoBehaviour.cs'; 'Subnautica.API/Features/Creatures/MonoBehaviours/JellyFishMonobehaviour.cs'; 'Subnautica.API/Features/Creatures/MonoBehaviours/LilyPaddlerMonoBehaviour.cs'; 'Subnautica.API/Features/Creatures/MonoBehaviours/Shared/MultiplayerAggressiveToPilotingVehicle.cs'; 'Subnautica.API/Features/Creatures/MonoBehaviours/Shared/MultiplayerAttackLastTarget.cs'; 'Subnautica.API/Features/Creatures/MonoBehaviours/Shared/MultiplayerCreatureAggressionManager.cs'; 'Subnautica.API/Features/Creatures/MonoBehaviours/Shared/MultiplayerCreaturedShared.cs'; 'Subnautica.API/Features/Creatures/MonoBehaviours/Shared/MultiplayerLeviathanMeleeAttack.cs'; 'Subnautica.API/Features/Creatures/MonoBehaviours/Shared/MultiplayerMeleeAttack.cs'; 'Subnautica.API/Features/Creatures/MonoBehaviours/Shared/MultiplayerWaterParkCreature.cs'; 'Subnautica.API/Features/Creatures/MonoBehaviours/SkyrayMonoBehaviour.cs'; 'Subnautica.API/Features/Creatures/MultiplayerCreature.cs'; 'Subnautica.API/Features/Creatures/MultiplayerCreatureManager.cs'; 'Subnautica.API/Features/Creatures/MultiplayerCreatureMovement.cs'; 'Subnautica.API/Features/Creatures/Trackers/ArcticRayAnimationTracker.cs'; 'Subnautica.API/Features/Creatures/Trackers/BaseAnimationTracker.cs'; 'Subnautica.API/Features/Creatures/Trackers/CreatureAttackTracker.cs'; 'Subnautica.API/Features/Creatures/Trackers/FlappingAnimationTracker.cs'; 'Subnautica.API/Features/Creatures/Trackers/ProtectCrashHomeTracker.cs'; 'Subnautica.API/Features/CustomProperty.cs'; 'Subnautica.API/Features/Discord.cs'; 'Subnautica.API/Features/DiscordManager/Exceptions/NamedPipeConnectionException.cs'; 'Subnautica.API/Features/DiscordManager/Exceptions/NamedPipeOpenException.cs'; 'Subnautica.API/Features/DiscordManager/Exceptions/NamedPipeReadException.cs'; 'Subnautica.API/Features/DiscordManager/Exceptions/NamedPipeWriteException.cs'; 'Subnautica.API/Features/DiscordManager/NamedPipeClientStream.cs'; 'Subnautica.API/Features/DiscordManager/NamedPipeUnity.cs'; 'Subnautica.API/Features/Entity.cs'; 'Subnautica.API/Features/ErrorMessages.cs'; 'Subnautica.API/Features/EventBlocker.cs'; 'Subnautica.API/Features/FakeFMODByBenson.cs'; 'Subnautica.API/Features/FileDownloader.cs'; 'Subnautica.API/Features/FirewallApi.cs'; 'Subnautica.API/Features/GameIndex.cs'; 'Subnautica.API/Features/Helper/ApiCreditsDataFormat.cs'; 'Subnautica.API/Features/Helper/ApiDataFormat.cs'; 'Subnautica.API/Features/Helper/FirewallItemFormat.cs'; 'Subnautica.API/Features/Helper/GenericProperty.cs'; 'Subnautica.API/Features/Helper/ItemQueueProcess.cs'; 'Subnautica.API/Features/Helper/LobbyCreateServerResponseFormat.cs'; 'Subnautica.API/Features/Helper/LobbyJoinServerResponseFormat.cs'; 'Subnautica.API/Features/Helper/LobbyPingServerResponseFormat.cs'; 'Subnautica.API/Features/Helper/ModConfigFormat.cs'; 'Subnautica.API/Features/Interact.cs'; 'Subnautica.API/Features/IntroVignette.cs'; 'Subnautica.API/Features/InviteCode.cs'; 'Subnautica.API/Features/Log.cs'; 'Subnautica.API/Features/Netbird/Netbird.cs'; 'Subnautica.API/Features/Netbird/NetbirdContainerItem.cs'; 'Subnautica.API/Features/Netbird/NetbirdResponseFormat.cs'; 'Subnautica.API/Features/NetBirdApi.cs'; 'Subnautica.API/Features/Network.cs'; 'Subnautica.API/Features/NetworkUtility/BaseFacePiece.cs'; 'Subnautica.API/Features/NetworkUtility/CellManager.cs'; 'Subnautica.API/Features/NetworkUtility/DynamicEntity.cs'; 'Subnautica.API/Features/NetworkUtility/EntityDatabase.cs'; 'Subnautica.API/Features/NetworkUtility/HandTarget.cs'; 'Subnautica.API/Features/NetworkUtility/Identifier.cs'; 'Subnautica.API/Features/NetworkUtility/Session.cs'; 'Subnautica.API/Features/NetworkUtility/StaticEntity.cs'; 'Subnautica.API/Features/NetworkUtility/Storage.cs'; 'Subnautica.API/Features/NetworkUtility/Story.cs'; 'Subnautica.API/Features/NetworkUtility/Temporary.cs'; 'Subnautica.API/Features/NetworkUtility/WorldStreamer.cs'; 'Subnautica.API/Features/Paths.cs'; 'Subnautica.API/Features/PlayerUtility/PlayerRange.cs'; 'Subnautica.API/Features/QualitySetting.cs'; 'Subnautica.API/Features/Request.cs'; 'Subnautica.API/Features/Serializer.cs'; 'Subnautica.API/Features/ServerItem.cs'; 'Subnautica.API/Features/Settings.cs'; 'Subnautica.API/Features/StopwatchItem.cs'; 'Subnautica.API/Features/SubnauticaPlugin.cs'; 'Subnautica.API/Features/TechGroup.cs'; 'Subnautica.API/Features/Tools.cs'; 'Subnautica.API/Features/Vehicle.cs'; 'Subnautica.API/Features/WaitingScreen.cs'; 'Subnautica.API/Features/World.cs'; 'Subnautica.API/Features/ZeroGame.cs'; 'Subnautica.API/Features/ZeroLanguage.cs'; 'Subnautica.API/Features/ZeroLiveMixin.cs'; 'Subnautica.API/Features/ZeroModal.cs'; 'Subnautica.API/Features/ZeroPlayer.cs'; 'Subnautica.API/MonoBehaviours/BaseGhostRotationComponent.cs'; 'Subnautica.API/MonoBehaviours/BasePieceComponent.cs'; 'Subnautica.API/MonoBehaviours/Components/BasePieceData.cs'; 'Subnautica.API/MonoBehaviours/PlayerObstacle.cs'; 'Subnautica.API/MonoBehaviours/SpawnPointComponent.cs'; 'Subnautica.API/MonoBehaviours/ZeroIdentity.cs'; 'Subnautica.Client/Abstracts/BaseProcessor.cs'; 'Subnautica.Client/Abstracts/Processors/MetadataProcessor.cs'; 'Subnautica.Client/Abstracts/Processors/NormalProcessor.cs'; 'Subnautica.Client/Abstracts/Processors/PlayerItemProcessor.cs'; 'Subnautica.Client/Abstracts/Processors/WorldCreatureProcessor.cs'; 'Subnautica.Client/Abstracts/Processors/WorldDynamicEntityProcessor.cs'; 'Subnautica.Client/Abstracts/Processors/WorldEntityProcessor.cs'; 'Subnautica.Client/Abstracts/ProcessorShared.cs'; 'Subnautica.Client/Core/ClientListener.cs'; 'Subnautica.Client/Core/NetworkClient.cs'; 'Subnautica.Client/Core/NetworkServer.cs'; 'Subnautica.Client/Extensions/ItemExtensions.cs'; 'Subnautica.Client/Extensions/PlayerCinematicCreatureExtensions.cs'; 'Subnautica.Client/Extensions/PlayerCinematicExtensions.cs'; 'Subnautica.Client/Extensions/PlayerExtensions.cs'; 'Subnautica.Client/Main.cs'; 'Subnautica.Client/Modules/ClientServerConnection.cs'; 'Subnautica.Client/Modules/DiscordRichPresence.cs'; 'Subnautica.Client/Modules/InviteCodeModule.cs'; 'Subnautica.Client/Modules/MainProcess.cs'; 'Subnautica.Client/Modules/MultiplayerElevator.cs'; 'Subnautica.Client/Modules/MultiplayerMainMenu.cs'; 'Subnautica.Client/Modules/MultiplayerMainMenuModule/UserInterfaceElements.cs'; 'Subnautica.Client/Modules/PingLatency.cs'; 'Subnautica.Client/Modules/SleepScreen.cs'; 'Subnautica.Client/MonoBehaviours/Construction/BuilderBaseHullStrength.cs'; 'Subnautica.Client/MonoBehaviours/Construction/BuilderGhostAnimation.cs'; 'Subnautica.Client/MonoBehaviours/Construction/BuilderNormalAnimation.cs'; 'Subnautica.Client/MonoBehaviours/Creature/CreatureWatcher.cs'; 'Subnautica.Client/MonoBehaviours/Entity/Components/EntityInterpolate.cs'; 'Subnautica.Client/MonoBehaviours/Entity/Components/EntityPosition.cs'; 'Subnautica.Client/MonoBehaviours/Entity/Components/EntityVisibility.cs'; 'Subnautica.Client/MonoBehaviours/Entity/MultiplayerCrafter.cs'; 'Subnautica.Client/MonoBehaviours/Entity/MultiplayerEntityTracker.cs'; 'Subnautica.Client/MonoBehaviours/General/ConnectionSignals.cs'; 'Subnautica.Client/MonoBehaviours/General/MultiplayerChannelProcessor.cs'; 'Subnautica.Client/MonoBehaviours/General/ProcessorBehaviour.cs'; 'Subnautica.Client/MonoBehaviours/Player/CinematicController.cs'; 'Subnautica.Client/MonoBehaviours/Player/PlayerAnimation.cs'; 'Subnautica.Client/MonoBehaviours/Player/PlayerEquipment.cs'; 'Subnautica.Client/MonoBehaviours/Player/PlayerFootstepSounds.cs'; 'Subnautica.Client/MonoBehaviours/Player/PlayerHandItemManager.cs'; 'Subnautica.Client/MonoBehaviours/Player/PlayerLighting.cs'; 'Subnautica.Client/MonoBehaviours/Player/PlayerVehicleManagement.cs'; 'Subnautica.Client/MonoBehaviours/Vehicle/MultiplayerSeaTruckSleeperModule.cs'; 'Subnautica.Client/MonoBehaviours/World/MultiplayerBrinicle.cs'; 'Subnautica.Client/MonoBehaviours/World/MultiplayerExpansionManager.cs'; 'Subnautica.Client/MonoBehaviours/World/MultiplayerPipeSurfaceFloater.cs'; 'Subnautica.Client/MonoBehaviours/World/MultiplayerScannerRoom.cs'; 'Subnautica.Client/MonoBehaviours/World/MultiplayerSeaTruckDockingBay.cs'; 'Subnautica.Client/MonoBehaviours/World/MultiplayerVehicleDockingBay.cs'; 'Subnautica.Client/MonoBehaviours/World/PlanterItemComponent.cs'; 'Subnautica.Client/Multiplayer/Cinematics/BedCinematic.cs'; 'Subnautica.Client/Multiplayer/Cinematics/BenchCinematic.cs'; 'Subnautica.Client/Multiplayer/Cinematics/BulkheadDoorCinematic.cs'; 'Subnautica.Client/Multiplayer/Cinematics/ClimbCinematic.cs'; 'Subnautica.Client/Multiplayer/Cinematics/ConstructorCinematic.cs'; 'Subnautica.Client/Multiplayer/Cinematics/CreatureCinematics/GlowWhaleCinematic.cs'; 'Subnautica.Client/Multiplayer/Cinematics/CreatureCinematics/LeviathanMeleeAttackCinematic.cs'; 'Subnautica.Client/Multiplayer/Cinematics/HoverpadCinematic.cs'; 'Subnautica.Client/Multiplayer/Cinematics/MoonpoolCinematic.cs'; 'Subnautica.Client/Multiplayer/Cinematics/PlayerCinematicQueue.cs'; 'Subnautica.Client/Multiplayer/Cinematics/PrecursorTeleporterTerminalCinematic.cs'; 'Subnautica.Client/Multiplayer/Cinematics/RadioTowerCinematic.cs'; 'Subnautica.Client/Multiplayer/Cinematics/SeaTruckDetachCinematic.cs'; 'Subnautica.Client/Multiplayer/Cinematics/SeaTruckPilotingCinematic.cs'; 'Subnautica.Client/Multiplayer/Cinematics/SeaTruckTeleportationCinematic.cs'; 'Subnautica.Client/Multiplayer/Cinematics/UseableDiveHatchCinematic.cs'; 'Subnautica.Client/Multiplayer/Constructing/BaseGhostExtensions/BaseAddBulkheadGhost.cs'; 'Subnautica.Client/Multiplayer/Constructing/BaseGhostExtensions/BaseAddCellGhost.cs'; 'Subnautica.Client/Multiplayer/Constructing/BaseGhostExtensions/BaseAddConnectorGhost.cs'; 'Subnautica.Client/Multiplayer/Constructing/BaseGhostExtensions/BaseAddCorridorGhost.cs'; 'Subnautica.Client/Multiplayer/Constructing/BaseGhostExtensions/BaseAddFaceGhost.cs'; 'Subnautica.Client/Multiplayer/Constructing/BaseGhostExtensions/BaseAddLadderGhost.cs'; 'Subnautica.Client/Multiplayer/Constructing/BaseGhostExtensions/BaseAddMapRoomGhost.cs'; 'Subnautica.Client/Multiplayer/Constructing/BaseGhostExtensions/BaseAddModuleGhost.cs'; 'Subnautica.Client/Multiplayer/Constructing/BaseGhostExtensions/BaseAddPartitionDoorGhost.cs'; 'Subnautica.Client/Multiplayer/Constructing/BaseGhostExtensions/BaseAddPartitionGhost.cs'; 'Subnautica.Client/Multiplayer/Constructing/BaseGhostExtensions/BaseAddWaterParkGhost.cs'; 'Subnautica.Client/Multiplayer/Constructing/Builder.cs'; 'Subnautica.Client/Multiplayer/Furnitures/Bed.cs'; 'Subnautica.Client/Multiplayer/Vehicles/Exosuit.cs'; 'Subnautica.Client/Multiplayer/Vehicles/Hoverbike.cs'; 'Subnautica.Client/Multiplayer/Vehicles/MapRoomCamera.cs'; 'Subnautica.Client/Multiplayer/Vehicles/SeaTruck.cs'; 'Subnautica.Client/Multiplayer/Vehicles/SeaTruckModule.cs'; 'Subnautica.Client/Multiplayer/Vehicles/SpyPenguin.cs'; 'Subnautica.Client/Multiplayer/Vehicles/VehicleController.cs'; 'Subnautica.Client/Multiplayer/World/MultiplayerMovingPlatform.cs'; 'Subnautica.Client/Patches/VehicleDockingBay.cs'; 'Subnautica.Client/Router.cs'; 'Subnautica.Client/Synchronizations/InitialSync/BaseProcessor.cs'; 'Subnautica.Client/Synchronizations/InitialSync/ConstructionProcessor.cs'; 'Subnautica.Client/Synchronizations/InitialSync/CustomDoorways.cs'; 'Subnautica.Client/Synchronizations/InitialSync/EncyclopediaProcessor.cs'; 'Subnautica.Client/Synchronizations/InitialSync/EntityProcessor.cs'; 'Subnautica.Client/Synchronizations/InitialSync/InventoryProcessor.cs'; 'Subnautica.Client/Synchronizations/InitialSync/ItemPinManagerProcessor.cs'; 'Subnautica.Client/Synchronizations/InitialSync/JukeboxDiskProcessor.cs'; 'Subnautica.Client/Synchronizations/InitialSync/LifepodProcessor.cs'; 'Subnautica.Client/Synchronizations/InitialSync/NotificationProcessor.cs'; 'Subnautica.Client/Synchronizations/InitialSync/PacketsSyncProcessor.cs'; 'Subnautica.Client/Synchronizations/InitialSync/PlayerProcessor.cs'; 'Subnautica.Client/Synchronizations/InitialSync/ScreenshotProcessor.cs'; 'Subnautica.Client/Synchronizations/InitialSync/SeaTruckProcessor.cs'; 'Subnautica.Client/Synchronizations/InitialSync/SpawnPointProcessor.cs'; 'Subnautica.Client/Synchronizations/InitialSync/StoryProcessor.cs'; 'Subnautica.Client/Synchronizations/InitialSync/TechnologyProcessor.cs'; 'Subnautica.Client/Synchronizations/InitialSync/TeleporterProcessor.cs'; 'Subnautica.Client/Synchronizations/InitialSync/WorldProcessor.cs'; 'Subnautica.Client/Synchronizations/Processors/Building/AmountChangedProcessor.cs'; 'Subnautica.Client/Synchronizations/Processors/Building/BaseHullStrengthProcessor.cs'; 'Subnautica.Client/Synchronizations/Processors/Building/CompletedProcessor.cs'; 'Subnautica.Client/Synchronizations/Processors/Building/ConstructionSyncedProcessor.cs'; 'Subnautica.Client/Synchronizations/Processors/Building/DeconstructionBeginProcessor.cs'; 'Subnautica.Client/Synchronizations/Processors/Building/FurnitureDeconstructionBeginProcessor.cs'; 'Subnautica.Client/Synchronizations/Processors/Building/GhostMovedProcessor.cs'; 'Subnautica.Client/Synchronizations/Processors/Building/GhostTryPlacingProcessor.cs'; 'Subnautica.Client/Synchronizations/Processors/Building/HealthProcessor.cs'; 'Subnautica.Client/Synchronizations/Processors/Building/MetadataRequestProcessor.cs'; 'Subnautica.Client/Synchronizations/Processors/Building/RemovedProcessor.cs'; 'Subnautica.Client/Synchronizations/Processors/Creatures/AnimationChangedProcessor.cs'; 'Subnautica.Client/Synchronizations/Processors/Creatures/AttackLastTargetProcessor.cs'; 'Subnautica.Client/Synchronizations/Processors/Creatures/CallSoundProcessor.cs'; 'Subnautica.Client/Synchronizations/Processors/Creatures/CrashFishProcessor.cs'; 'Subnautica.Client/Synchronizations/Processors/Creatures/FreezeProcessor.cs'; 'Subnautica.Client/Synchronizations/Processors/Creatures/GlowWhaleProcessor.cs'; 'Subnautica.Client/Synchronizations/Processors/Creatures/HealthProcessor.cs'; 'Subnautica.Client/Synchronizations/Processors/Creatures/LeviathanMeleeAttackProcessor.cs'; 'Subnautica.Client/Synchronizations/Processors/Creatures/LilyPaddlerProcessor.cs'; 'Subnautica.Client/Synchronizations/Processors/Creatures/MeleeAttackProcessor.cs'; 'Subnautica.Client/Synchronizations/Processors/Creatures/OwnershipProcessor.cs'; 'Subnautica.Client/Synchronizations/Processors/Creatures/PositionProcessor.cs'; 'Subnautica.Client/Synchronizations/Processors/Creatures/VoidLeviathanProcessor.cs'; 'Subnautica.Client/Synchronizations/Processors/Encyclopedia/AddedProcessor.cs'; 'Subnautica.Client/Synchronizations/Processors/General/InteractProcessor.cs'; 'Subnautica.Client/Synchronizations/Processors/General/IntroProcessor.cs'; 'Subnautica.Client/Synchronizations/Processors/General/LifepodProcessor.cs'; 'Subnautica.Client/Synchronizations/Processors/General/ResourceDiscoverProcessor.cs'; 'Subnautica.Client/Synchronizations/Processors/General/StorageOpenProcessor.cs'; 'Subnautica.Client/Synchronizations/Processors/Inventory/EquipmentProcessor.cs'; 'Subnautica.Client/Synchronizations/Processors/Inventory/ItemPinProcessor.cs'; 'Subnautica.Client/Synchronizations/Processors/Inventory/ItemProcessor.cs'; 'Subnautica.Client/Synchronizations/Processors/Inventory/QuickSlotProcessor.cs'; 'Subnautica.Client/Synchronizations/Processors/Items/AirBladderProcessor.cs'; 'Subnautica.Client/Synchronizations/Processors/Items/BeaconProcessor.cs'; 'Subnautica.Client/Synchronizations/Processors/Items/ConstructorProcessor.cs'; 'Subnautica.Client/Synchronizations/Processors/Items/DeployableStorageProcessor.cs'; 'Subnautica.Client/Synchronizations/Processors/Items/DiveReelProcessor.cs'; 'Subnautica.Client/Synchronizations/Processors/Items/FlareProcessor.cs'; 'Subnautica.Client/Synchronizations/Processors/Items/FlashLightProcessor.cs'; 'Subnautica.Client/Synchronizations/Processors/Items/HoverbikeProcessor.cs'; 'Subnautica.Client/Synchronizations/Processors/Items/KnifeProcessor.cs'; 'Subnautica.Client/Synchronizations/Processors/Items/LaserCutterProcessor.cs'; 'Subnautica.Client/Synchronizations/Processors/Items/LEDLightProcessor.cs'; 'Subnautica.Client/Synchronizations/Processors/Items/MapRoomCameraProcessor.cs'; 'Subnautica.Client/Synchronizations/Processors/Items/MetalDetectorProcessor.cs'; 'Subnautica.Client/Synchronizations/Processors/Items/PipeSurfaceFloaterProcessor.cs'; 'Subnautica.Client/Synchronizations/Processors/Items/PlayerItemActionProcessor.cs'; 'Subnautica.Client/Synchronizations/Processors/Items/ScannerProcessor.cs'; 'Subnautica.Client/Synchronizations/Processors/Items/SeaglideProcessor.cs'; 'Subnautica.Client/Synchronizations/Processors/Items/SpyPenguinProcessor.cs'; 'Subnautica.Client/Synchronizations/Processors/Items/TeleportationToolProcessor.cs'; 'Subnautica.Client/Synchronizations/Processors/Items/ThumperProcessor.cs'; 'Subnautica.Client/Synchronizations/Processors/Items/WelderProcessor.cs'; 'Subnautica.Client/Synchronizations/Processors/LogAddedProcessor.cs'; 'Subnautica.Client/Synchronizations/Processors/Metadata/AquariumProcessor.cs'; 'Subnautica.Client/Synchronizations/Processors/Metadata/AromatherapyProcessor.cs'; 'Subnautica.Client/Synchronizations/Processors/Metadata/BaseControlRoomProcessor.cs'; 'Subnautica.Client/Synchronizations/Processors/Metadata/BaseMapRoomProcessor.cs'; 'Subnautica.Client/Synchronizations/Processors/Metadata/BaseWaterParkProcessor.cs'; 'Subnautica.Client/Synchronizations/Processors/Metadata/BedProcessor.cs'; 'Subnautica.Client/Synchronizations/Processors/Metadata/BenchProcessor.cs'; 'Subnautica.Client/Synchronizations/Processors/Metadata/BioReactorProcessor.cs'; 'Subnautica.Client/Synchronizations/Processors/Metadata/BulkheadProcessor.cs'; 'Subnautica.Client/Synchronizations/Processors/Metadata/ChargerProcessor.cs'; 'Subnautica.Client/Synchronizations/Processors/Metadata/CoffeeVendingMachineProcessor.cs'; 'Subnautica.Client/Synchronizations/Processors/Metadata/CrafterProcessor.cs'; 'Subnautica.Client/Synchronizations/Processors/Metadata/EmmanuelPendulumProcessor.cs'; 'Subnautica.Client/Synchronizations/Processors/Metadata/FiltrationMachineProcessor.cs'; 'Subnautica.Client/Synchronizations/Processors/Metadata/FridgeProcessor.cs'; 'Subnautica.Client/Synchronizations/Processors/Metadata/HoverpadProcessor.cs'; 'Subnautica.Client/Synchronizations/Processors/Metadata/JukeboxProcessor.cs'; 'Subnautica.Client/Synchronizations/Processors/Metadata/LabTrashcanProcessor.cs'; 'Subnautica.Client/Synchronizations/Processors/Metadata/MapRoomProcessor.cs'; 'Subnautica.Client/Synchronizations/Processors/Metadata/MoonpoolProcessor.cs'; 'Subnautica.Client/Synchronizations/Processors/Metadata/NuclearReactorProcessor.cs'; 'Subnautica.Client/Synchronizations/Processors/Metadata/PictureFrameProcessor.cs'; 'Subnautica.Client/Synchronizations/Processors/Metadata/PlanterProcessor.cs'; 'Subnautica.Client/Synchronizations/Processors/Metadata/RecyclotronProcessor.cs'; 'Subnautica.Client/Synchronizations/Processors/Metadata/ShowerProcessor.cs'; 'Subnautica.Client/Synchronizations/Processors/Metadata/SignProcessor.cs'; 'Subnautica.Client/Synchronizations/Processors/Metadata/SinkProcessor.cs'; 'Subnautica.Client/Synchronizations/Processors/Metadata/SmallStoveProcessor.cs'; 'Subnautica.Client/Synchronizations/Processors/Metadata/SnowmanProcessor.cs'; 'Subnautica.Client/Synchronizations/Processors/Metadata/SpotLightProcessor.cs'; 'Subnautica.Client/Synchronizations/Processors/Metadata/StorageProcessor.cs'; 'Subnautica.Client/Synchronizations/Processors/Metadata/TechlightProcessor.cs'; 'Subnautica.Client/Synchronizations/Processors/Metadata/ToiletProcessor.cs'; 'Subnautica.Client/Synchronizations/Processors/Metadata/TrashcansProcessor.cs'; 'Subnautica.Client/Synchronizations/Processors/NoneProcessor.cs'; 'Subnautica.Client/Synchronizations/Processors/PDA/JukeboxDiskAddedProcessor.cs'; 'Subnautica.Client/Synchronizations/Processors/PDA/NotificationProcessor.cs'; 'Subnautica.Client/Synchronizations/Processors/PDA/TechAnalyzeAddedProcessor.cs'; 'Subnautica.Client/Synchronizations/Processors/Player/AnimationChangedProcessor.cs'; 'Subnautica.Client/Synchronizations/Processors/Player/AnotherPlayerConnectedProcessor.cs'; 'Subnautica.Client/Synchronizations/Processors/Player/ClimbProcessor.cs'; 'Subnautica.Client/Synchronizations/Processors/Player/ConsoleCommandProcessor.cs'; 'Subnautica.Client/Synchronizations/Processors/Player/DeadProcessor.cs'; 'Subnautica.Client/Synchronizations/Processors/Player/DisconnectedProcessor.cs'; 'Subnautica.Client/Synchronizations/Processors/Player/FirstInitialEquipmentProcessor.cs'; 'Subnautica.Client/Synchronizations/Processors/Player/FreezeProcessor.cs'; 'Subnautica.Client/Synchronizations/Processors/Player/InteriorToggleProcessor.cs'; 'Subnautica.Client/Synchronizations/Processors/Player/ItemDropProcessor.cs'; 'Subnautica.Client/Synchronizations/Processors/Player/ItemPickupProcessor.cs'; 'Subnautica.Client/Synchronizations/Processors/Player/JoiningProcessor.cs'; 'Subnautica.Client/Synchronizations/Processors/Player/PingProcessor.cs'; 'Subnautica.Client/Synchronizations/Processors/Player/RespawnPointProcessor.cs'; 'Subnautica.Client/Synchronizations/Processors/Player/SpawnProcessor.cs'; 'Subnautica.Client/Synchronizations/Processors/Player/StatsProcessor.cs'; 'Subnautica.Client/Synchronizations/Processors/Player/SubrootToggleProcessor.cs'; 'Subnautica.Client/Synchronizations/Processors/Player/ToolEnergyProcessor.cs'; 'Subnautica.Client/Synchronizations/Processors/Player/UpdatedProcessor.cs'; 'Subnautica.Client/Synchronizations/Processors/Player/UseableDiveHatchProcessor.cs'; 'Subnautica.Client/Synchronizations/Processors/Story/BridgeProcessor.cs'; 'Subnautica.Client/Synchronizations/Processors/Story/CallProcessor.cs'; 'Subnautica.Client/Synchronizations/Processors/Story/CinematicProcessor.cs'; 'Subnautica.Client/Synchronizations/Processors/Story/EndGameProcessor.cs'; 'Subnautica.Client/Synchronizations/Processors/Story/FrozenCreatureProcessor.cs'; 'Subnautica.Client/Synchronizations/Processors/Story/InteractProcessor.cs'; 'Subnautica.Client/Synchronizations/Processors/Story/PlayerVisibilityProcessor.cs'; 'Subnautica.Client/Synchronizations/Processors/Story/RadioTowerProcessor.cs'; 'Subnautica.Client/Synchronizations/Processors/Story/ShieldBaseProcessor.cs'; 'Subnautica.Client/Synchronizations/Processors/Story/SignalProcessor.cs'; 'Subnautica.Client/Synchronizations/Processors/Story/TriggerProcessor.cs'; 'Subnautica.Client/Synchronizations/Processors/Technology/AddedProcessor.cs'; 'Subnautica.Client/Synchronizations/Processors/Technology/FragmentAddedProcessor.cs'; 'Subnautica.Client/Synchronizations/Processors/Technology/ScannerCompletedProcessor.cs'; 'Subnautica.Client/Synchronizations/Processors/Vehicle/BatteryProcessor.cs'; 'Subnautica.Client/Synchronizations/Processors/Vehicle/Components/Exosuit.cs'; 'Subnautica.Client/Synchronizations/Processors/Vehicle/Components/Hoverbike.cs'; 'Subnautica.Client/Synchronizations/Processors/Vehicle/Components/SpyPenguin.cs'; 'Subnautica.Client/Synchronizations/Processors/Vehicle/EnterProcessor.cs'; 'Subnautica.Client/Synchronizations/Processors/Vehicle/ExitProcessor.cs'; 'Subnautica.Client/Synchronizations/Processors/Vehicle/ExosuitDrillProcessor.cs'; 'Subnautica.Client/Synchronizations/Processors/Vehicle/ExosuitJumpProcessor.cs'; 'Subnautica.Client/Synchronizations/Processors/Vehicle/ExosuitStorageProcessor.cs'; 'Subnautica.Client/Synchronizations/Processors/Vehicle/HealthProcessor.cs'; 'Subnautica.Client/Synchronizations/Processors/Vehicle/InteriorProcessor.cs'; 'Subnautica.Client/Synchronizations/Processors/Vehicle/LightProcessor.cs'; 'Subnautica.Client/Synchronizations/Processors/Vehicle/SeaTruckAquariumModuleProcessor.cs'; 'Subnautica.Client/Synchronizations/Processors/Vehicle/SeaTruckConnectionProcessor.cs'; 'Subnautica.Client/Synchronizations/Processors/Vehicle/SeaTruckDockingModuleProcessor.cs'; 'Subnautica.Client/Synchronizations/Processors/Vehicle/SeaTruckFabricatorModuleProcessor.cs'; 'Subnautica.Client/Synchronizations/Processors/Vehicle/SeaTruckSleeperModuleProcessor.cs'; 'Subnautica.Client/Synchronizations/Processors/Vehicle/SeaTruckStorageModuleProcessor.cs'; 'Subnautica.Client/Synchronizations/Processors/Vehicle/UpdatedProcessor.cs'; 'Subnautica.Client/Synchronizations/Processors/Vehicle/UpgradeConsoleProcessor.cs'; 'Subnautica.Client/Synchronizations/Processors/World/BaseCellWaterLevelProcessor.cs'; 'Subnautica.Client/Synchronizations/Processors/World/BaseMapRoomTransmissionProcessor.cs'; 'Subnautica.Client/Synchronizations/Processors/World/BatteryChargingProcessor.cs'; 'Subnautica.Client/Synchronizations/Processors/World/BrinicleProcessor.cs'; 'Subnautica.Client/Synchronizations/Processors/World/CellProcessor.cs'; 'Subnautica.Client/Synchronizations/Processors/World/CosmeticItemProcessor.cs'; 'Subnautica.Client/Synchronizations/Processors/World/EnergyMixinTransmissionProcessor.cs'; 'Subnautica.Client/Synchronizations/Processors/World/EnergyProductionProcessor.cs'; 'Subnautica.Client/Synchronizations/Processors/World/EnergyTransmission/VehicleEnergyTransmission.cs'; 'Subnautica.Client/Synchronizations/Processors/World/EntitySlotSpawnProcessor.cs'; 'Subnautica.Client/Synchronizations/Processors/World/EntitySpawnProcessor.cs'; 'Subnautica.Client/Synchronizations/Processors/World/FiltrationMachineTransmissionProcessor.cs'; 'Subnautica.Client/Synchronizations/Processors/World/HoverpadChargeProcessor.cs'; 'Subnautica.Client/Synchronizations/Processors/World/PrecursorTeleporterProcessor.cs'; 'Subnautica.Client/Synchronizations/Processors/World/SleepTimeSkipProcessor.cs'; 'Subnautica.Client/Synchronizations/Processors/World/SpawnOnKillProcessor.cs'; 'Subnautica.Client/Synchronizations/Processors/World/VehicleRepairProcessor.cs'; 'Subnautica.Client/Synchronizations/Processors/World/WeatherProcessor.cs'; 'Subnautica.Client/Synchronizations/Processors/World/WelderProcessor.cs'; 'Subnautica.Client/Synchronizations/Processors/World/WorldCreatureActionProcessor.cs'; 'Subnautica.Client/Synchronizations/Processors/World/WorldDynamicEntityOwnershipChangedProcessor.cs'; 'Subnautica.Client/Synchronizations/Processors/World/WorldDynamicEntityPositionProcessor.cs'; 'Subnautica.Client/Synchronizations/Processors/WorldEntities/BulkheadDoorProcessor.cs'; 'Subnautica.Client/Synchronizations/Processors/WorldEntities/DataboxProcessor.cs'; 'Subnautica.Client/Synchronizations/Processors/WorldEntities/DestroyableDynamicEntityProcessor.cs'; 'Subnautica.Client/Synchronizations/Processors/WorldEntities/DestroyableEntityProcessor.cs'; 'Subnautica.Client/Synchronizations/Processors/WorldEntities/DrillableProcessor.cs'; 'Subnautica.Client/Synchronizations/Processors/WorldEntities/DynamicEntities/BaseWaterParkProcessor.cs'; 'Subnautica.Client/Synchronizations/Processors/WorldEntities/DynamicEntities/BeaconProcessor.cs'; 'Subnautica.Client/Synchronizations/Processors/WorldEntities/DynamicEntities/ConstructorProcessor.cs'; 'Subnautica.Client/Synchronizations/Processors/WorldEntities/DynamicEntities/ExosuitProcessor.cs'; 'Subnautica.Client/Synchronizations/Processors/WorldEntities/DynamicEntities/FlareProcessor.cs'; 'Subnautica.Client/Synchronizations/Processors/WorldEntities/DynamicEntities/HoverbikeProcessor.cs'; 'Subnautica.Client/Synchronizations/Processors/WorldEntities/DynamicEntities/LEDLightProcessor.cs'; 'Subnautica.Client/Synchronizations/Processors/WorldEntities/DynamicEntities/MapRoomCameraProcessor.cs'; 'Subnautica.Client/Synchronizations/Processors/WorldEntities/DynamicEntities/PipeSurfaceFloaterProcessor.cs'; 'Subnautica.Client/Synchronizations/Processors/WorldEntities/DynamicEntities/QuantumLockerProcessor.cs'; 'Subnautica.Client/Synchronizations/Processors/WorldEntities/DynamicEntities/SeaTruckAquariumModuleProcessor.cs'; 'Subnautica.Client/Synchronizations/Processors/WorldEntities/DynamicEntities/SeaTruckDockingModuleProcessor.cs'; 'Subnautica.Client/Synchronizations/Processors/WorldEntities/DynamicEntities/SeaTruckFabricatorModuleProcessor.cs'; 'Subnautica.Client/Synchronizations/Processors/WorldEntities/DynamicEntities/SeaTruckProcessor.cs'; 'Subnautica.Client/Synchronizations/Processors/WorldEntities/DynamicEntities/SeaTruckSleeperModuleProcessor.cs'; 'Subnautica.Client/Synchronizations/Processors/WorldEntities/DynamicEntities/SeaTruckStorageModuleProcessor.cs'; 'Subnautica.Client/Synchronizations/Processors/WorldEntities/DynamicEntities/SeaTruckTeleportationModuleProcessor.cs'; 'Subnautica.Client/Synchronizations/Processors/WorldEntities/DynamicEntities/SmallStorageProcessor.cs'; 'Subnautica.Client/Synchronizations/Processors/WorldEntities/DynamicEntities/SpyPenguinProcessor.cs'; 'Subnautica.Client/Synchronizations/Processors/WorldEntities/DynamicEntities/ThumperProcessor.cs'; 'Subnautica.Client/Synchronizations/Processors/WorldEntities/ElevatorProcessor.cs'; 'Subnautica.Client/Synchronizations/Processors/WorldEntities/EntityScannerProcessor.cs'; 'Subnautica.Client/Synchronizations/Processors/WorldEntities/FruitHarvestProcessor.cs'; 'Subnautica.Client/Synchronizations/Processors/WorldEntities/LaserCutterProcessor.cs'; 'Subnautica.Client/Synchronizations/Processors/WorldEntities/OxygenPlantProcessor.cs'; 'Subnautica.Client/Synchronizations/Processors/WorldEntities/StaticEntityProcessor.cs'; 'Subnautica.Client/Synchronizations/Processors/WorldEntities/SupplyCrateProcessor.cs'; 'Subnautica.Client/Synchronizations/Processors/WorldEntities/ThermalLilyProcessor.cs'; 'Subnautica.Client/Synchronizations/Processors/WorldEntities/WorldEntityActionProcessor.cs'; 'Subnautica.Events/EventArgs/AlterraPdaPickedUpEventArgs.cs'; 'Subnautica.Events/EventArgs/AquariumDataChangedEventArgs.cs'; 'Subnautica.Events/EventArgs/AromatherapyLampSwitchToggleEventArgs.cs'; 'Subnautica.Events/EventArgs/BaseControlRoomCellPowerChangingEventArgs.cs'; 'Subnautica.Events/EventArgs/BaseControlRoomMinimapExitingEventArgs.cs'; 'Subnautica.Events/EventArgs/BaseControlRoomMinimapMovingEventArgs.cs'; 'Subnautica.Events/EventArgs/BaseControlRoomMinimapUsingEventArgs.cs'; 'Subnautica.Events/EventArgs/BaseHullStrengthCrushingEventArgs.cs'; 'Subnautica.Events/EventArgs/BaseMapRoomInitializedEventArgs.cs'; 'Subnautica.Events/EventArgs/BaseMapRoomResourceDiscoveringEventArgs.cs'; 'Subnautica.Events/EventArgs/BaseMapRoomScanStartingEventArgs.cs'; 'Subnautica.Events/EventArgs/BaseMapRoomScanStoppingEventArgs.cs'; 'Subnautica.Events/EventArgs/BaseMoonpoolExpansionDockingTimelineCompletingEventArgs.cs'; 'Subnautica.Events/EventArgs/BaseMoonpoolExpansionDockTailEventArgs.cs'; 'Subnautica.Events/EventArgs/BaseMoonpoolExpansionUndockingTimelineCompletingEventArgs.cs'; 'Subnautica.Events/EventArgs/BaseMoonpoolExpansionUndockTailEventArgs.cs'; 'Subnautica.Events/EventArgs/BeaconDeployingEventArgs.cs'; 'Subnautica.Events/EventArgs/BeaconLabelChangedEventArgs.cs'; 'Subnautica.Events/EventArgs/BedEnterInUseModeEventArgs.cs'; 'Subnautica.Events/EventArgs/BedExitInUseModeEventArgs.cs'; 'Subnautica.Events/EventArgs/BedIsCanSleepCheckingEventArgs.cs'; 'Subnautica.Events/EventArgs/BenchSitdownEventArgs.cs'; 'Subnautica.Events/EventArgs/BenchStandupEventArgs.cs'; 'Subnautica.Events/EventArgs/BreakableResourceBreakingEventArgs.cs'; 'Subnautica.Events/EventArgs/BridgeFluidClickingEventArgs.cs'; 'Subnautica.Events/EventArgs/BridgeInitializedEventArgs.cs'; 'Subnautica.Events/EventArgs/BridgeTerminalClickingEventArgs.cs'; 'Subnautica.Events/EventArgs/BulkheadClosingEventArgs.cs'; 'Subnautica.Events/EventArgs/BulkheadOpeningEventArgs.cs'; 'Subnautica.Events/EventArgs/CellLoadingEventArgs.cs'; 'Subnautica.Events/EventArgs/CellUnLoadingEventArgs.cs'; 'Subnautica.Events/EventArgs/ChargerItemAddedEventArgs.cs'; 'Subnautica.Events/EventArgs/ChargerItemRemovedEventArgs.cs'; 'Subnautica.Events/EventArgs/ChargerOpeningEventArgs.cs'; 'Subnautica.Events/EventArgs/CinematicTriggeringEventArgs.cs'; 'Subnautica.Events/EventArgs/ConstructionAmountChangedEventArgs.cs'; 'Subnautica.Events/EventArgs/ConstructionCompletedEventArgs.cs'; 'Subnautica.Events/EventArgs/ConstructionGhostMovedEventArgs.cs'; 'Subnautica.Events/EventArgs/ConstructionGhostTryPlacingEventArgs.cs'; 'Subnautica.Events/EventArgs/ConstructionRemovedEventArgs.cs'; 'Subnautica.Events/EventArgs/ConstructorCraftingEventArgs.cs'; 'Subnautica.Events/EventArgs/ConstructorDeployingEventArgs.cs'; 'Subnautica.Events/EventArgs/ConstructorEngageToggleEventArgs.cs'; 'Subnautica.Events/EventArgs/CosmeticItemPlacingEventArgs.cs'; 'Subnautica.Events/EventArgs/CrafterBeginEventArgs.cs'; 'Subnautica.Events/EventArgs/CrafterClosedEventArgs.cs'; 'Subnautica.Events/EventArgs/CrafterEndedEventArgs.cs'; 'Subnautica.Events/EventArgs/CrafterItemPickupEventArgs.cs'; 'Subnautica.Events/EventArgs/CrafterOpeningEventArgs.cs'; 'Subnautica.Events/EventArgs/CrashFishInflatingEventArgs.cs'; 'Subnautica.Events/EventArgs/CreatureAnimationChangedEventArgs.cs'; 'Subnautica.Events/EventArgs/CreatureAttackLastTargetStartingEventArgs.cs'; 'Subnautica.Events/EventArgs/CreatureAttackLastTargetStoppedEventArgs.cs'; 'Subnautica.Events/EventArgs/CreatureCallSoundTriggeringEventArgs.cs'; 'Subnautica.Events/EventArgs/CreatureDisabledEventArgs.cs'; 'Subnautica.Events/EventArgs/CreatureEnabledEventArgs.cs'; 'Subnautica.Events/EventArgs/CreatureFreezingEventArgs.cs'; 'Subnautica.Events/EventArgs/CreatureLeviathanMeleeAttackingEventArgs.cs'; 'Subnautica.Events/EventArgs/CreatureMeleeAttackingEventArgs.cs'; 'Subnautica.Events/EventArgs/CrushDamagingEventArgs.cs'; 'Subnautica.Events/EventArgs/DataboxItemPickedUpEventArgs.cs'; 'Subnautica.Events/EventArgs/DeconstructionBeginEventArgs.cs'; 'Subnautica.Events/EventArgs/DeployableStorageDeployingEventArgs.cs'; 'Subnautica.Events/EventArgs/DroneCameraDeployingEventArgs.cs'; 'Subnautica.Events/EventArgs/ElevatorCallingEventArgs.cs'; 'Subnautica.Events/EventArgs/ElevatorInitializedEventArgs.cs'; 'Subnautica.Events/EventArgs/EmmanuelPendulumSwitchToggleEventArgs.cs'; 'Subnautica.Events/EventArgs/EncyclopediaAddedEventArgs.cs'; 'Subnautica.Events/EventArgs/EnergyMixinClickingEventArgs.cs'; 'Subnautica.Events/EventArgs/EnergyMixinClosedEventArgs.cs'; 'Subnautica.Events/EventArgs/EnergyMixinSelectingEventArgs.cs'; 'Subnautica.Events/EventArgs/EntityScannerCompletedEventArgs.cs'; 'Subnautica.Events/EventArgs/EntitySlotSpawningEventArgs.cs'; 'Subnautica.Events/EventArgs/EntitySpawnedEventArgs.cs'; 'Subnautica.Events/EventArgs/EntitySpawningEventArgs.cs'; 'Subnautica.Events/EventArgs/ExosuitDrillingEventArgs.cs'; 'Subnautica.Events/EventArgs/ExosuitItemPickedUpEventArgs.cs'; 'Subnautica.Events/EventArgs/ExosuitJumpingEventArgs.cs'; 'Subnautica.Events/EventArgs/FiltrationMachineOpeningEventArgs.cs'; 'Subnautica.Events/EventArgs/FlareDeployingEventArgs.cs'; 'Subnautica.Events/EventArgs/FruitHarvestingEventArgs.cs'; 'Subnautica.Events/EventArgs/FurnitureDeconstructionBeginEventArgs.cs'; 'Subnautica.Events/EventArgs/GlowWhaleEyeCinematicStartingEventArgs.cs'; 'Subnautica.Events/EventArgs/GlowWhaleRideStartingEventArgs.cs'; 'Subnautica.Events/EventArgs/GlowWhaleRideStopedEventArgs.cs'; 'Subnautica.Events/EventArgs/GlowWhaleSFXTriggeredEventArgs.cs'; 'Subnautica.Events/EventArgs/GrownPlantHarvestingEventArgs.cs'; 'Subnautica.Events/EventArgs/HoverbikeDeployingEventArgs.cs'; 'Subnautica.Events/EventArgs/HoverpadDockingEventArgs.cs'; 'Subnautica.Events/EventArgs/HoverpadHoverbikeSpawningEventArgs.cs'; 'Subnautica.Events/EventArgs/HoverpadShowroomTriggeringEventArgs.cs'; 'Subnautica.Events/EventArgs/HoverpadUnDockingEventArgs.cs'; 'Subnautica.Events/EventArgs/InGameMenuClosedEventArgs.cs'; 'Subnautica.Events/EventArgs/InGameMenuClosingEventArgs.cs'; 'Subnautica.Events/EventArgs/InGameMenuOpenedEventArgs.cs'; 'Subnautica.Events/EventArgs/InGameMenuOpeningEventArgs.cs'; 'Subnautica.Events/EventArgs/IntroCheckingEventArgs.cs'; 'Subnautica.Events/EventArgs/InventoryItemAddedEventArgs.cs'; 'Subnautica.Events/EventArgs/InventoryItemRemovedEventArgs.cs'; 'Subnautica.Events/EventArgs/ItemActionStartedEventArgs.cs'; 'Subnautica.Events/EventArgs/ItemDrawedEventArgs.cs'; 'Subnautica.Events/EventArgs/ItemFirstUseAnimationStopedEventArgs.cs'; 'Subnautica.Events/EventArgs/JukeboxDiskAddedEventArgs.cs'; 'Subnautica.Events/EventArgs/JukeboxDiskPickedUpEventArgs.cs'; 'Subnautica.Events/EventArgs/JukeboxUsedEventArgs.cs'; 'Subnautica.Events/EventArgs/KnifeUsingEventArgs.cs'; 'Subnautica.Events/EventArgs/LaserCutterEventArgs.cs'; 'Subnautica.Events/EventArgs/LEDLightDeployingEventArgs.cs'; 'Subnautica.Events/EventArgs/LifepodInterpolationEventArgs.cs'; 'Subnautica.Events/EventArgs/LifepodZoneCheckEventArgs.cs'; 'Subnautica.Events/EventArgs/LifepodZoneSelectingEventArgs.cs'; 'Subnautica.Events/EventArgs/LightChangedEventArgs.cs'; 'Subnautica.Events/EventArgs/LilyPaddlerHypnotizeStartingEventArgs.cs'; 'Subnautica.Events/EventArgs/MapRoomCameraChangingEventArgs.cs'; 'Subnautica.Events/EventArgs/MapRoomCameraDockingEventArgs.cs'; 'Subnautica.Events/EventArgs/MenuSaveCancelDeleteButtonClickingEventArgs.cs'; 'Subnautica.Events/EventArgs/MenuSaveDeleteButtonClickingEventArgs.cs'; 'Subnautica.Events/EventArgs/MenuSaveLoadButtonClickingEventArgs.cs'; 'Subnautica.Events/EventArgs/MenuSaveUpdateLoadedButtonStateEventArgs.cs'; 'Subnautica.Events/EventArgs/MobileExtractorConsoleUsingEventArgs.cs'; 'Subnautica.Events/EventArgs/MobileExtractorMachineSampleAddingEventArgs.cs'; 'Subnautica.Events/EventArgs/NotificationToggleEventArgs.cs'; 'Subnautica.Events/EventArgs/NuclearReactorItemAddedEventArgs.cs'; 'Subnautica.Events/EventArgs/NuclearReactorItemRemovedEventArgs.cs'; 'Subnautica.Events/EventArgs/OxygenPipePlacingEventArgs.cs'; 'Subnautica.Events/EventArgs/OxygenPlantClickingEventArgs.cs'; 'Subnautica.Events/EventArgs/PDAClosingEventArgs.cs'; 'Subnautica.Events/EventArgs/PDALogAddedEventArgs.cs'; 'Subnautica.Events/EventArgs/PictureFrameImageSelectingEventArgs.cs'; 'Subnautica.Events/EventArgs/PictureFrameOpeningEventArgs.cs'; 'Subnautica.Events/EventArgs/PipeSurfaceFloaterDeployingEventArgs.cs'; 'Subnautica.Events/EventArgs/PlanterGrownedEventArgs.cs'; 'Subnautica.Events/EventArgs/PlanterItemAddedEventArgs.cs'; 'Subnautica.Events/EventArgs/PlanterProgressCompletedEventArgs.cs'; 'Subnautica.Events/EventArgs/PlayerAnimationChangedEventArgs.cs'; 'Subnautica.Events/EventArgs/PlayerBaseEnteredEventArgs.cs'; 'Subnautica.Events/EventArgs/PlayerBaseExitedEventArgs.cs'; 'Subnautica.Events/EventArgs/PlayerClimbingEventArgs.cs'; 'Subnautica.Events/EventArgs/PlayerDeadEventArgs.cs'; 'Subnautica.Events/EventArgs/PlayerEnteredInteriorEventArgs.cs'; 'Subnautica.Events/EventArgs/PlayerExitedInteriorEventArgs.cs'; 'Subnautica.Events/EventArgs/PlayerFreezedEventArgs.cs'; 'Subnautica.Events/EventArgs/PlayerItemDropingEventArgs.cs'; 'Subnautica.Events/EventArgs/PlayerItemPickedUpEventArgs.cs'; 'Subnautica.Events/EventArgs/PlayerPingColorChangedEventArgs.cs'; 'Subnautica.Events/EventArgs/PlayerPingVisibilityChangedEventArgs.cs'; 'Subnautica.Events/EventArgs/PlayerRespawnPointChangedEventArgs.cs'; 'Subnautica.Events/EventArgs/PlayerStatsUpdatedEventArgs.cs'; 'Subnautica.Events/EventArgs/PlayerUpdatedEventArgs.cs'; 'Subnautica.Events/EventArgs/PlayerUsingCommandEventArgs.cs'; 'Subnautica.Events/EventArgs/PowerSourceAddingEventArgs.cs'; 'Subnautica.Events/EventArgs/PowerSourceRemovingEventArgs.cs'; 'Subnautica.Events/EventArgs/QuickSlotActiveChangedEventArgs.cs'; 'Subnautica.Events/EventArgs/QuittingToMainMenuEventArgs.cs'; 'Subnautica.Events/EventArgs/RadioTowerTOMUsingEventArgs.cs'; 'Subnautica.Events/EventArgs/RecyclotronRecycleEventArgs.cs'; 'Subnautica.Events/EventArgs/ScannerCompletedEventArgs.cs'; 'Subnautica.Events/EventArgs/ScannerUsingEventArgs.cs'; 'Subnautica.Events/EventArgs/SceneLoadedEventArgs.cs'; 'Subnautica.Events/EventArgs/ScreenshotsRemovedEventArgs.cs'; 'Subnautica.Events/EventArgs/SealedInitializedEventArgs.cs'; 'Subnautica.Events/EventArgs/SeaTruckConnectingEventArgs.cs'; 'Subnautica.Events/EventArgs/SeaTruckDetachingEventArgs.cs'; 'Subnautica.Events/EventArgs/SeaTruckModuleInitializedEventArgs.cs'; 'Subnautica.Events/EventArgs/SeaTruckPictureFrameImageSelectingEventArgs.cs'; 'Subnautica.Events/EventArgs/SeaTruckPictureFrameOpeningEventArgs.cs'; 'Subnautica.Events/EventArgs/SettingsPdaGamePauseChangingEventArgs.cs'; 'Subnautica.Events/EventArgs/SettingsRunInBackgroundChangingEventArgs.cs'; 'Subnautica.Events/EventArgs/ShieldBaseEnterTriggeringEventArgs.cs'; 'Subnautica.Events/EventArgs/ShowerSwitchToggleEventArgs.cs'; 'Subnautica.Events/EventArgs/SignDataChangedEventArgs.cs'; 'Subnautica.Events/EventArgs/SignDeselectEventArgs.cs'; 'Subnautica.Events/EventArgs/SignSelectEventArgs.cs'; 'Subnautica.Events/EventArgs/SinkSwitchToggleEventArgs.cs'; 'Subnautica.Events/EventArgs/SmallStoveSwitchToggleEventArgs.cs'; 'Subnautica.Events/EventArgs/SnowmanDestroyingEventArgs.cs'; 'Subnautica.Events/EventArgs/SpawnOnKillingEventArgs.cs'; 'Subnautica.Events/EventArgs/SpotLightInitializedEventArgs.cs'; 'Subnautica.Events/EventArgs/SpyPenguinDeployingEventArgs.cs'; 'Subnautica.Events/EventArgs/SpyPenguinItemGrabingEventArgs.cs'; 'Subnautica.Events/EventArgs/SpyPenguinItemPickedUpEventArgs.cs'; 'Subnautica.Events/EventArgs/SpyPenguinSnowStalkerInteractingEventArgs.cs'; 'Subnautica.Events/EventArgs/StorageItemAddedEventArgs.cs'; 'Subnautica.Events/EventArgs/StorageItemAddingEventArgs.cs'; 'Subnautica.Events/EventArgs/StorageItemRemovedEventArgs.cs'; 'Subnautica.Events/EventArgs/StorageItemRemovingEventArgs.cs'; 'Subnautica.Events/EventArgs/StorageOpeningEventArgs.cs'; 'Subnautica.Events/EventArgs/StoryCallingEventArgs.cs'; 'Subnautica.Events/EventArgs/StoryCinematicCompletedEventArgs.cs'; 'Subnautica.Events/EventArgs/StoryCinematicStartedEventArgs.cs'; 'Subnautica.Events/EventArgs/StoryGoalTriggeringEventArgs.cs'; 'Subnautica.Events/EventArgs/StoryHandClickingEventArgs.cs'; 'Subnautica.Events/EventArgs/StorySignalSpawningEventArgs.cs'; 'Subnautica.Events/EventArgs/SubNameInputDeselectedEventArgs.cs'; 'Subnautica.Events/EventArgs/SubNameInputSelectingEventArgs.cs'; 'Subnautica.Events/EventArgs/SupplyCrateOpenedEventArgs.cs'; 'Subnautica.Events/EventArgs/TakeDamagingEventArgs.cs'; 'Subnautica.Events/EventArgs/TechAnalyzeAddedEventArgs.cs'; 'Subnautica.Events/EventArgs/TechLightInitializedEventArgs.cs'; 'Subnautica.Events/EventArgs/TechnologyAddedEventArgs.cs'; 'Subnautica.Events/EventArgs/TechnologyFragmentAddedEventArgs.cs'; 'Subnautica.Events/EventArgs/TeleportationToolUsedEventArgs.cs'; 'Subnautica.Events/EventArgs/TeleporterInitializedEventArgs.cs'; 'Subnautica.Events/EventArgs/TeleporterTerminalActivatingEventArgs.cs'; 'Subnautica.Events/EventArgs/ThermalLilyAnimationAnglesCheckingEventArgs.cs'; 'Subnautica.Events/EventArgs/ThermalLilyRangeCheckingEventArgs.cs'; 'Subnautica.Events/EventArgs/ThumperDeployingEventArgs.cs'; 'Subnautica.Events/EventArgs/ToiletSwitchToggleEventArgs.cs'; 'Subnautica.Events/EventArgs/ToolBatteryEnergyChangedEventArgs.cs'; 'Subnautica.Events/EventArgs/UpgradeConsoleModuleAddedEventArgs.cs'; 'Subnautica.Events/EventArgs/UpgradeConsoleModuleRemovedEventArgs.cs'; 'Subnautica.Events/EventArgs/UpgradeConsoleOpeningEventArgs.cs'; 'Subnautica.Events/EventArgs/UseableDiveHatchClickingEventArgs.cs'; 'Subnautica.Events/EventArgs/VehicleDockingEventArgs.cs'; 'Subnautica.Events/EventArgs/VehicleEnteringEventArgs.cs'; 'Subnautica.Events/EventArgs/VehicleExitedEventArgs.cs'; 'Subnautica.Events/EventArgs/VehicleInteriorToggleEventArgs.cs'; 'Subnautica.Events/EventArgs/VehicleUndockingEventArgs.cs'; 'Subnautica.Events/EventArgs/VehicleUpdatedEventArgs.cs'; 'Subnautica.Events/EventArgs/WeatherProfileChangedEventArgs.cs'; 'Subnautica.Events/EventArgs/WeldingEventArgs.cs'; 'Subnautica.Events/EventArgs/WorldLoadedEventArgs.cs'; 'Subnautica.Events/EventArgs/WorldLoadingEventArgs.cs'; 'Subnautica.Events/Handlers/Building.cs'; 'Subnautica.Events/Handlers/Creatures.cs'; 'Subnautica.Events/Handlers/Furnitures.cs'; 'Subnautica.Events/Handlers/Game.cs'; 'Subnautica.Events/Handlers/Inventory.cs'; 'Subnautica.Events/Handlers/Items.cs'; 'Subnautica.Events/Handlers/PDA.cs'; 'Subnautica.Events/Handlers/Player.cs'; 'Subnautica.Events/Handlers/Storage.cs'; 'Subnautica.Events/Handlers/Story.cs'; 'Subnautica.Events/Handlers/Vehicle.cs'; 'Subnautica.Events/Handlers/World.cs'; 'Subnautica.Events/Main.cs'; 'Subnautica.Events/Patches/Events/Building/BaseHullStrengthCrushing.cs'; 'Subnautica.Events/Patches/Events/Building/ConstructionAmountChanged.cs'; 'Subnautica.Events/Patches/Events/Building/ConstructionCompleted.cs'; 'Subnautica.Events/Patches/Events/Building/ConstructionGhostMoved.cs'; 'Subnautica.Events/Patches/Events/Building/ConstructionGhostTryPlacing.cs'; 'Subnautica.Events/Patches/Events/Building/ConstructionRemoved.cs'; 'Subnautica.Events/Patches/Events/Building/DeconstructionBegin.cs'; 'Subnautica.Events/Patches/Events/Building/FurnitureDeconstructionBegin.cs'; 'Subnautica.Events/Patches/Events/Creatures/AnimationChanged.cs'; 'Subnautica.Events/Patches/Events/Creatures/AttackLastTargetStarting.cs'; 'Subnautica.Events/Patches/Events/Creatures/AttackLastTargetStopped.cs'; 'Subnautica.Events/Patches/Events/Creatures/CallSoundTriggering.cs'; 'Subnautica.Events/Patches/Events/Creatures/CrashFishInflating.cs'; 'Subnautica.Events/Patches/Events/Creatures/Disabled.cs'; 'Subnautica.Events/Patches/Events/Creatures/Enabled.cs'; 'Subnautica.Events/Patches/Events/Creatures/Freezing.cs'; 'Subnautica.Events/Patches/Events/Creatures/GlowWhaleEyeCinematicStarting.cs'; 'Subnautica.Events/Patches/Events/Creatures/GlowWhaleRideStarting.cs'; 'Subnautica.Events/Patches/Events/Creatures/GlowWhaleRideStoped.cs'; 'Subnautica.Events/Patches/Events/Creatures/GlowWhaleSFXTriggered.cs'; 'Subnautica.Events/Patches/Events/Creatures/LeviathanMeleeAttacking.cs'; 'Subnautica.Events/Patches/Events/Creatures/LilyPaddlerHypnotizeStarting.cs'; 'Subnautica.Events/Patches/Events/Creatures/MeleeAttacking.cs'; 'Subnautica.Events/Patches/Events/Furnitures/AquariumDataChanged.cs'; 'Subnautica.Events/Patches/Events/Furnitures/BaseControlRoomCellPowerChanging.cs'; 'Subnautica.Events/Patches/Events/Furnitures/BaseControlRoomMinimapExiting.cs'; 'Subnautica.Events/Patches/Events/Furnitures/BaseControlRoomMinimapMoving.cs'; 'Subnautica.Events/Patches/Events/Furnitures/BaseControlRoomMinimapUsing.cs'; 'Subnautica.Events/Patches/Events/Furnitures/BaseMapRoomCameraChanging.cs'; 'Subnautica.Events/Patches/Events/Furnitures/BaseMapRoomInitialized.cs'; 'Subnautica.Events/Patches/Events/Furnitures/BaseMapRoomResourceDiscovering.cs'; 'Subnautica.Events/Patches/Events/Furnitures/BaseMapRoomScanStarting.cs'; 'Subnautica.Events/Patches/Events/Furnitures/BaseMapRoomScanStopping.cs'; 'Subnautica.Events/Patches/Events/Furnitures/BaseMoonpoolExpansionDockingTimelineCompleting.cs'; 'Subnautica.Events/Patches/Events/Furnitures/BaseMoonpoolExpansionTail.cs'; 'Subnautica.Events/Patches/Events/Furnitures/BaseMoonpoolExpansionUndockingTimelineCompleting.cs'; 'Subnautica.Events/Patches/Events/Furnitures/BedEnterInUseMode.cs'; 'Subnautica.Events/Patches/Events/Furnitures/BedExitInUseMode.cs'; 'Subnautica.Events/Patches/Events/Furnitures/BedIsCanSleepChecking.cs'; 'Subnautica.Events/Patches/Events/Furnitures/BenchSitdown.cs'; 'Subnautica.Events/Patches/Events/Furnitures/BenchStandup.cs'; 'Subnautica.Events/Patches/Events/Furnitures/BioReactorOpening.cs'; 'Subnautica.Events/Patches/Events/Furnitures/BulkheadOpening.cs'; 'Subnautica.Events/Patches/Events/Furnitures/ChargerOpening.cs'; 'Subnautica.Events/Patches/Events/Furnitures/CrafterBegin.cs'; 'Subnautica.Events/Patches/Events/Furnitures/CrafterClosed.cs'; 'Subnautica.Events/Patches/Events/Furnitures/CrafterOpening.cs'; 'Subnautica.Events/Patches/Events/Furnitures/FiltrationMachineOpening.cs'; 'Subnautica.Events/Patches/Events/Furnitures/HoverpadDocking.cs'; 'Subnautica.Events/Patches/Events/Furnitures/HoverpadHoverbikeSpawning.cs'; 'Subnautica.Events/Patches/Events/Furnitures/HoverpadShowroomTriggering.cs'; 'Subnautica.Events/Patches/Events/Furnitures/HoverpadTooltipChanged.cs'; 'Subnautica.Events/Patches/Events/Furnitures/HoverpadUnDocking.cs'; 'Subnautica.Events/Patches/Events/Furnitures/JukeboxUsed.cs'; 'Subnautica.Events/Patches/Events/Furnitures/NuclearReactorOpening.cs'; 'Subnautica.Events/Patches/Events/Furnitures/PictureFrameImageSelecting.cs'; 'Subnautica.Events/Patches/Events/Furnitures/PictureFrameOpening.cs'; 'Subnautica.Events/Patches/Events/Furnitures/PlanterGrowned.cs'; 'Subnautica.Events/Patches/Events/Furnitures/PlanterItemAdded.cs'; 'Subnautica.Events/Patches/Events/Furnitures/PlanterProgressCompleted.cs'; 'Subnautica.Events/Patches/Events/Furnitures/RecyclotronRecycle.cs'; 'Subnautica.Events/Patches/Events/Furnitures/SignDataChanged.cs'; 'Subnautica.Events/Patches/Events/Furnitures/SnowmanDestroying.cs'; 'Subnautica.Events/Patches/Events/Furnitures/SpotLightInitialized.cs'; 'Subnautica.Events/Patches/Events/Furnitures/TechLightInitialized.cs'; 'Subnautica.Events/Patches/Events/Furnitures/ToggleOnClick.cs'; 'Subnautica.Events/Patches/Events/Game/EntityDistributionLoaded.cs'; 'Subnautica.Events/Patches/Events/Game/InGameMenuClosed.cs'; 'Subnautica.Events/Patches/Events/Game/InGameMenuClosing.cs'; 'Subnautica.Events/Patches/Events/Game/InGameMenuOpened.cs'; 'Subnautica.Events/Patches/Events/Game/InGameMenuOpening.cs'; 'Subnautica.Events/Patches/Events/Game/IntroChecking.cs'; 'Subnautica.Events/Patches/Events/Game/LifepodInterpolation.cs'; 'Subnautica.Events/Patches/Events/Game/LifepodZoneCheck.cs'; 'Subnautica.Events/Patches/Events/Game/LifepodZoneSelecting.cs'; 'Subnautica.Events/Patches/Events/Game/MenuSaveCancelDeleteButtonClicking.cs'; 'Subnautica.Events/Patches/Events/Game/MenuSaveDeleteButtonClicking.cs'; 'Subnautica.Events/Patches/Events/Game/MenuSaveLoadButtonClicking.cs'; 'Subnautica.Events/Patches/Events/Game/MenuSaveUpdateLoadedButtonState.cs'; 'Subnautica.Events/Patches/Events/Game/PowerSourceAdding.cs'; 'Subnautica.Events/Patches/Events/Game/PowerSourceRemoving.cs'; 'Subnautica.Events/Patches/Events/Game/Quitting.cs'; 'Subnautica.Events/Patches/Events/Game/QuittingToMainMenu.cs'; 'Subnautica.Events/Patches/Events/Game/SceneLoaded.cs'; 'Subnautica.Events/Patches/Events/Game/ScreenshotsRemoved.cs'; 'Subnautica.Events/Patches/Events/Game/SettingsPdaGamePauseChanging.cs'; 'Subnautica.Events/Patches/Events/Game/SettingsRunInBackgroundChanging.cs'; 'Subnautica.Events/Patches/Events/Game/SubNameInputDeselected.cs'; 'Subnautica.Events/Patches/Events/Game/SubNameInputSelecting.cs'; 'Subnautica.Events/Patches/Events/Game/WorldLoading.cs'; 'Subnautica.Events/Patches/Events/Inventory/EquipmentEquiped.cs'; 'Subnautica.Events/Patches/Events/Inventory/EquipmentUnequiped.cs'; 'Subnautica.Events/Patches/Events/Inventory/ItemAdded.cs'; 'Subnautica.Events/Patches/Events/Inventory/ItemRemoved.cs'; 'Subnautica.Events/Patches/Events/Inventory/QuickSlotActiveChanged.cs'; 'Subnautica.Events/Patches/Events/Inventory/QuickSlotBinded.cs'; 'Subnautica.Events/Patches/Events/Inventory/QuickSlotUnbinded.cs'; 'Subnautica.Events/Patches/Events/Items/BeaconDeploying.cs'; 'Subnautica.Events/Patches/Events/Items/BeaconLabelChanged.cs'; 'Subnautica.Events/Patches/Events/Items/ConstructorCrafting.cs'; 'Subnautica.Events/Patches/Events/Items/ConstructorDeploying.cs'; 'Subnautica.Events/Patches/Events/Items/ConstructorEngageToggle.cs'; 'Subnautica.Events/Patches/Events/Items/DeployableStorageDeploying.cs'; 'Subnautica.Events/Patches/Events/Items/DroneCameraDeploying.cs'; 'Subnautica.Events/Patches/Events/Items/FlareDeploying.cs'; 'Subnautica.Events/Patches/Events/Items/HoverbikeDeploying.cs'; 'Subnautica.Events/Patches/Events/Items/KnifeUsing.cs'; 'Subnautica.Events/Patches/Events/Items/LEDLightDeploying.cs'; 'Subnautica.Events/Patches/Events/Items/OxygenPipePlacing.cs'; 'Subnautica.Events/Patches/Events/Items/PipeSurfaceFloaterDeploying.cs'; 'Subnautica.Events/Patches/Events/Items/ScannerUsing.cs'; 'Subnautica.Events/Patches/Events/Items/SpyPenguinDeploying.cs'; 'Subnautica.Events/Patches/Events/Items/SpyPenguinItemGrabing.cs'; 'Subnautica.Events/Patches/Events/Items/SpyPenguinItemPickedUp.cs'; 'Subnautica.Events/Patches/Events/Items/SpyPenguinSnowStalkerInteracting.cs'; 'Subnautica.Events/Patches/Events/Items/TeleportationToolUsed.cs'; 'Subnautica.Events/Patches/Events/Items/ThumperDeploying.cs'; 'Subnautica.Events/Patches/Events/Items/Welding.cs'; 'Subnautica.Events/Patches/Events/PDA/AnalyzeAdded.cs'; 'Subnautica.Events/Patches/Events/PDA/Closing.cs'; 'Subnautica.Events/Patches/Events/PDA/EncyclopediaAdded.cs'; 'Subnautica.Events/Patches/Events/PDA/ItemPinAdded.cs'; 'Subnautica.Events/Patches/Events/PDA/ItemPinMoved.cs'; 'Subnautica.Events/Patches/Events/PDA/ItemPinRemoved.cs'; 'Subnautica.Events/Patches/Events/PDA/JukeboxDiskAdded.cs'; 'Subnautica.Events/Patches/Events/PDA/LogAdded.cs'; 'Subnautica.Events/Patches/Events/PDA/NotificationToggle.cs'; 'Subnautica.Events/Patches/Events/PDA/ScannerCompleted.cs'; 'Subnautica.Events/Patches/Events/PDA/TechnologyAdded.cs'; 'Subnautica.Events/Patches/Events/PDA/TechnologyFragmentAdded.cs'; 'Subnautica.Events/Patches/Events/Player/AnimationChanged.cs'; 'Subnautica.Events/Patches/Events/Player/BreakableResourceBreaking.cs'; 'Subnautica.Events/Patches/Events/Player/Climbing.cs'; 'Subnautica.Events/Patches/Events/Player/Dead.cs'; 'Subnautica.Events/Patches/Events/Player/EnergyMixinClicking.cs'; 'Subnautica.Events/Patches/Events/Player/EnergyMixinClosed.cs'; 'Subnautica.Events/Patches/Events/Player/EnergyMixinSelecting.cs'; 'Subnautica.Events/Patches/Events/Player/EnteredInterior.cs'; 'Subnautica.Events/Patches/Events/Player/EnteredSubroot.cs'; 'Subnautica.Events/Patches/Events/Player/EntityScannerCompleted.cs'; 'Subnautica.Events/Patches/Events/Player/ExitedInterior.cs'; 'Subnautica.Events/Patches/Events/Player/ExitedSubroot.cs'; 'Subnautica.Events/Patches/Events/Player/Freezed.cs'; 'Subnautica.Events/Patches/Events/Player/ItemActionStarted.cs'; 'Subnautica.Events/Patches/Events/Player/ItemDrawed.cs'; 'Subnautica.Events/Patches/Events/Player/ItemDroping.cs'; 'Subnautica.Events/Patches/Events/Player/ItemFirstUseAnimationStoped.cs'; 'Subnautica.Events/Patches/Events/Player/ItemPickedUp.cs'; 'Subnautica.Events/Patches/Events/Player/PingColorChanged.cs'; 'Subnautica.Events/Patches/Events/Player/PingVisibilityChanged.cs'; 'Subnautica.Events/Patches/Events/Player/PrecursorTeleportationCompleted.cs'; 'Subnautica.Events/Patches/Events/Player/PrecursorTeleporterUsed.cs'; 'Subnautica.Events/Patches/Events/Player/RespawnPointChanged.cs'; 'Subnautica.Events/Patches/Events/Player/SleepScreenStartingCompleted.cs'; 'Subnautica.Events/Patches/Events/Player/SleepScreenStopingStarted.cs'; 'Subnautica.Events/Patches/Events/Player/Spawned.cs'; 'Subnautica.Events/Patches/Events/Player/StatsUpdated.cs'; 'Subnautica.Events/Patches/Events/Player/ToolBatteryEnergyChanged.cs'; 'Subnautica.Events/Patches/Events/Player/Unfreezed.cs'; 'Subnautica.Events/Patches/Events/Player/Updated.cs'; 'Subnautica.Events/Patches/Events/Player/UseableDiveHatchClicking.cs'; 'Subnautica.Events/Patches/Events/Player/UsingCommand.cs'; 'Subnautica.Events/Patches/Events/Storage/ItemToggle.cs'; 'Subnautica.Events/Patches/Events/Storage/Opening.cs'; 'Subnautica.Events/Patches/Events/Story/BridgeFluidClicking.cs'; 'Subnautica.Events/Patches/Events/Story/BridgeInitialized.cs'; 'Subnautica.Events/Patches/Events/Story/BridgeTerminalClicking.cs'; 'Subnautica.Events/Patches/Events/Story/CinematicTriggering.cs'; 'Subnautica.Events/Patches/Events/Story/MobileExtractorConsoleUsing.cs'; 'Subnautica.Events/Patches/Events/Story/MobileExtractorMachineInitialized.cs'; 'Subnautica.Events/Patches/Events/Story/MobileExtractorMachineSampleAdding.cs'; 'Subnautica.Events/Patches/Events/Story/RadioTowerTOMUsing.cs'; 'Subnautica.Events/Patches/Events/Story/ShieldBaseEnterTriggering.cs'; 'Subnautica.Events/Patches/Events/Story/StoryAlanBodyTransfering.cs'; 'Subnautica.Events/Patches/Events/Story/StoryCalling.cs'; 'Subnautica.Events/Patches/Events/Story/StoryCinematicToggle.cs'; 'Subnautica.Events/Patches/Events/Story/StoryGoalCompleted.cs'; 'Subnautica.Events/Patches/Events/Story/StoryHandClicking.cs'; 'Subnautica.Events/Patches/Events/Story/StorySignalSpawning.cs'; 'Subnautica.Events/Patches/Events/Vehicle/Docking.cs'; 'Subnautica.Events/Patches/Events/Vehicle/Entering.cs'; 'Subnautica.Events/Patches/Events/Vehicle/Exited.cs'; 'Subnautica.Events/Patches/Events/Vehicle/ExosuitDrilling.cs'; 'Subnautica.Events/Patches/Events/Vehicle/ExosuitGrapplingArm.cs'; 'Subnautica.Events/Patches/Events/Vehicle/ExosuitItemPickedUp.cs'; 'Subnautica.Events/Patches/Events/Vehicle/ExosuitJumping.cs'; 'Subnautica.Events/Patches/Events/Vehicle/InteriorToggle.cs'; 'Subnautica.Events/Patches/Events/Vehicle/LightChanged.cs'; 'Subnautica.Events/Patches/Events/Vehicle/MapRoomCameraDocking.cs'; 'Subnautica.Events/Patches/Events/Vehicle/SeaTruckConnecting.cs'; 'Subnautica.Events/Patches/Events/Vehicle/SeaTruckDetaching.cs'; 'Subnautica.Events/Patches/Events/Vehicle/SeaTruckDocking.cs'; 'Subnautica.Events/Patches/Events/Vehicle/SeaTruckModuleInitialized.cs'; 'Subnautica.Events/Patches/Events/Vehicle/SeaTruckUndocking.cs'; 'Subnautica.Events/Patches/Events/Vehicle/Undocking.cs'; 'Subnautica.Events/Patches/Events/Vehicle/Updated.cs'; 'Subnautica.Events/Patches/Events/Vehicle/UpgradeConsoleOpening.cs'; 'Subnautica.Events/Patches/Events/World/AlterraPdaPickedUp.cs'; 'Subnautica.Events/Patches/Events/World/CellLoading.cs'; 'Subnautica.Events/Patches/Events/World/CellUnLoading.cs'; 'Subnautica.Events/Patches/Events/World/CosmeticItemPlacing.cs'; 'Subnautica.Events/Patches/Events/World/CrushDamaging.cs'; 'Subnautica.Events/Patches/Events/World/DataboxItemPickedUp.cs'; 'Subnautica.Events/Patches/Events/World/ElevatorCalling.cs'; 'Subnautica.Events/Patches/Events/World/ElevatorInitialized.cs'; 'Subnautica.Events/Patches/Events/World/EntitySlotSpawning.cs'; 'Subnautica.Events/Patches/Events/World/EntitySpawning.cs'; 'Subnautica.Events/Patches/Events/World/FruitHarvesting.cs'; 'Subnautica.Events/Patches/Events/World/JukeboxDiskPickedUp.cs'; 'Subnautica.Events/Patches/Events/World/LaserCutterUsing.cs'; 'Subnautica.Events/Patches/Events/World/OxygenPlantClicking.cs'; 'Subnautica.Events/Patches/Events/World/SealedInitialized.cs'; 'Subnautica.Events/Patches/Events/World/SpawnOnKilling.cs'; 'Subnautica.Events/Patches/Events/World/SupplyCrateOpened.cs'; 'Subnautica.Events/Patches/Events/World/TakeDamaging.cs'; 'Subnautica.Events/Patches/Events/World/TeleporterInitialized.cs'; 'Subnautica.Events/Patches/Events/World/TeleporterTerminalActivating.cs'; 'Subnautica.Events/Patches/Events/World/ThermalLilyRangeChecking.cs'; 'Subnautica.Events/Patches/Events/World/WeatherProfileChanged.cs'; 'Subnautica.Events/Patches/Fixes/Blockers/Encyclopedia.cs'; 'Subnautica.Events/Patches/Fixes/Blockers/Planter.cs'; 'Subnautica.Events/Patches/Fixes/Construction/BaseDataCache.cs'; 'Subnautica.Events/Patches/Fixes/Construction/BaseGhost.cs'; 'Subnautica.Events/Patches/Fixes/Construction/BaseGhostUpdatePlacement.cs'; 'Subnautica.Events/Patches/Fixes/Construction/BaseHatch.cs'; 'Subnautica.Events/Patches/Fixes/Construction/BaseHullStrength.cs'; 'Subnautica.Events/Patches/Fixes/Construction/Builder.cs'; 'Subnautica.Events/Patches/Fixes/Construction/ExtraCollision.cs'; 'Subnautica.Events/Patches/Fixes/Creatures/Actions/AggressiveWhenSeePlayer.cs'; 'Subnautica.Events/Patches/Fixes/Creatures/Actions/AggressiveWhenSeeTarget.cs'; 'Subnautica.Events/Patches/Fixes/Creatures/Actions/AttackLastTarget.cs'; 'Subnautica.Events/Patches/Fixes/Creatures/Actions/FlyAwayWhenScared.cs'; 'Subnautica.Events/Patches/Fixes/Creatures/Actions/LilyPaddlerHypnotize.cs'; 'Subnautica.Events/Patches/Fixes/Creatures/Actions/Roost.cs'; 'Subnautica.Events/Patches/Fixes/Creatures/Creature.cs'; 'Subnautica.Events/Patches/Fixes/Creatures/CreatureDeath.cs'; 'Subnautica.Events/Patches/Fixes/Creatures/CreatureFrozenMixin.cs'; 'Subnautica.Events/Patches/Fixes/Creatures/CreatureLeashPosition.cs'; 'Subnautica.Events/Patches/Fixes/Creatures/MonoBehaviours/AggressiveToPilotingVehicle.cs'; 'Subnautica.Events/Patches/Fixes/Creatures/MonoBehaviours/AnimateByVelocity.cs'; 'Subnautica.Events/Patches/Fixes/Creatures/MonoBehaviours/BirdBehaviour.cs'; 'Subnautica.Events/Patches/Fixes/Creatures/MonoBehaviours/Crash.cs'; 'Subnautica.Events/Patches/Fixes/Creatures/MonoBehaviours/CrashHome.cs'; 'Subnautica.Events/Patches/Fixes/Creatures/MonoBehaviours/CreatureAggressionManager.cs'; 'Subnautica.Events/Patches/Fixes/Creatures/MonoBehaviours/Jellyfish.cs'; 'Subnautica.Events/Patches/Fixes/Creatures/MonoBehaviours/LeviathanMeleeAttack.cs'; 'Subnautica.Events/Patches/Fixes/Creatures/MonoBehaviours/MeleeAttack.cs'; 'Subnautica.Events/Patches/Fixes/Creatures/MonoBehaviours/OnTouch.cs'; 'Subnautica.Events/Patches/Fixes/Creatures/MonoBehaviours/Scareable.cs'; 'Subnautica.Events/Patches/Fixes/Creatures/MonoBehaviours/SplineFollowing.cs'; 'Subnautica.Events/Patches/Fixes/Creatures/MonoBehaviours/VoidLeviathan.cs'; 'Subnautica.Events/Patches/Fixes/Creatures/Temp_SpikeyTrap.cs'; 'Subnautica.Events/Patches/Fixes/Furnitures/BaseControlRoom.cs'; 'Subnautica.Events/Patches/Fixes/Furnitures/BaseMapRoom.cs'; 'Subnautica.Events/Patches/Fixes/Furnitures/BaseMoonpoolExpansion.cs'; 'Subnautica.Events/Patches/Fixes/Furnitures/BasePartitionDoor.cs'; 'Subnautica.Events/Patches/Fixes/Furnitures/Bed.cs'; 'Subnautica.Events/Patches/Fixes/Furnitures/Charger.cs'; 'Subnautica.Events/Patches/Fixes/Furnitures/CoffeeVendingMachine.cs'; 'Subnautica.Events/Patches/Fixes/Furnitures/CrafterAutoClose.cs'; 'Subnautica.Events/Patches/Fixes/Furnitures/EnergyConsumer.cs'; 'Subnautica.Events/Patches/Fixes/Furnitures/EnergyProduction.cs'; 'Subnautica.Events/Patches/Fixes/Furnitures/FiltrationMachine.cs'; 'Subnautica.Events/Patches/Fixes/Furnitures/Fridge.cs'; 'Subnautica.Events/Patches/Fixes/Furnitures/Hoverpad.cs'; 'Subnautica.Events/Patches/Fixes/Furnitures/Jukebox.cs'; 'Subnautica.Events/Patches/Fixes/Furnitures/Planter.cs'; 'Subnautica.Events/Patches/Fixes/Game/Crafter.cs'; 'Subnautica.Events/Patches/Fixes/Game/Credits.cs'; 'Subnautica.Events/Patches/Fixes/Game/FixSubnauticaErrors.cs'; 'Subnautica.Events/Patches/Fixes/Game/FixUniqueIdentifier.cs'; 'Subnautica.Events/Patches/Fixes/Game/FreezeTime.cs'; 'Subnautica.Events/Patches/Fixes/Game/HintPopupDisable.cs'; 'Subnautica.Events/Patches/Fixes/Game/InGameCustomGameMode.cs'; 'Subnautica.Events/Patches/Fixes/Game/IntroRespawnLocation.cs'; 'Subnautica.Events/Patches/Fixes/Game/IntroText.cs'; 'Subnautica.Events/Patches/Fixes/Game/LoadingStage.cs'; 'Subnautica.Events/Patches/Fixes/Game/LockMotionWhenPdaIsInUse.cs'; 'Subnautica.Events/Patches/Fixes/Game/Platform.cs'; 'Subnautica.Events/Patches/Fixes/Game/PopupNotification.cs'; 'Subnautica.Events/Patches/Fixes/Game/ProtobufSerializer.cs'; 'Subnautica.Events/Patches/Fixes/Game/RegisterEntity.cs'; 'Subnautica.Events/Patches/Fixes/Game/Respawn.cs'; 'Subnautica.Events/Patches/Fixes/Game/ScreenshotsFilename.cs'; 'Subnautica.Events/Patches/Fixes/Game/SpawnRandom.cs'; 'Subnautica.Events/Patches/Fixes/Game/StartMainGame.cs'; 'Subnautica.Events/Patches/Fixes/Game/uGUI_SceneConfirmation.cs'; 'Subnautica.Events/Patches/Fixes/Game/VFXConstructing.cs'; 'Subnautica.Events/Patches/Fixes/Game/WatermarkVersion.cs'; 'Subnautica.Events/Patches/Fixes/Game/Weather.cs'; 'Subnautica.Events/Patches/Fixes/Game/WeatherManager.cs'; 'Subnautica.Events/Patches/Fixes/Interact/BaseControlRoom.cs'; 'Subnautica.Events/Patches/Fixes/Interact/BatteryCharger.cs'; 'Subnautica.Events/Patches/Fixes/Interact/Bench.cs'; 'Subnautica.Events/Patches/Fixes/Interact/BioReactor.cs'; 'Subnautica.Events/Patches/Fixes/Interact/BulkheadDoor.cs'; 'Subnautica.Events/Patches/Fixes/Interact/Construction.cs'; 'Subnautica.Events/Patches/Fixes/Interact/Constructor.cs'; 'Subnautica.Events/Patches/Fixes/Interact/Creatures/GlowWhale.cs'; 'Subnautica.Events/Patches/Fixes/Interact/DockedVehicleHandTarget.cs'; 'Subnautica.Events/Patches/Fixes/Interact/EnergyMixin.cs'; 'Subnautica.Events/Patches/Fixes/Interact/FiltrationMachine.cs'; 'Subnautica.Events/Patches/Fixes/Interact/GhostCrafter.cs'; 'Subnautica.Events/Patches/Fixes/Interact/Ladder.cs'; 'Subnautica.Events/Patches/Fixes/Interact/MapRoomScreen.cs'; 'Subnautica.Events/Patches/Fixes/Interact/NuclearReactor.cs'; 'Subnautica.Events/Patches/Fixes/Interact/Pickupable.cs'; 'Subnautica.Events/Patches/Fixes/Interact/PictureFrame.cs'; 'Subnautica.Events/Patches/Fixes/Interact/PlayerClimb.cs'; 'Subnautica.Events/Patches/Fixes/Interact/RadioTower.cs'; 'Subnautica.Events/Patches/Fixes/Interact/SealedObject.cs'; 'Subnautica.Events/Patches/Fixes/Interact/SeaTruckDockingModule.cs'; 'Subnautica.Events/Patches/Fixes/Interact/SeaTruckMotor.cs'; 'Subnautica.Events/Patches/Fixes/Interact/SeaTruckSegmentDetach.cs'; 'Subnautica.Events/Patches/Fixes/Interact/Sign.cs'; 'Subnautica.Events/Patches/Fixes/Interact/StorageContainer.cs'; 'Subnautica.Events/Patches/Fixes/Interact/Story/MobileExtractorConsole.cs'; 'Subnautica.Events/Patches/Fixes/Interact/Story/MobileExtractorMachine.cs'; 'Subnautica.Events/Patches/Fixes/Interact/SubNameInput.cs'; 'Subnautica.Events/Patches/Fixes/Interact/UseableDiveHatch.cs'; 'Subnautica.Events/Patches/Fixes/Interact/Vehicle.cs'; 'Subnautica.Events/Patches/Fixes/Interact/VehicleUpgradeConsoleInput.cs'; 'Subnautica.Events/Patches/Fixes/Items/Beacon.cs'; 'Subnautica.Events/Patches/Fixes/Items/Builder.cs'; 'Subnautica.Events/Patches/Fixes/Items/DeployableStorage.cs'; 'Subnautica.Events/Patches/Fixes/Items/Flare.cs'; 'Subnautica.Events/Patches/Fixes/Items/ItemMain.cs'; 'Subnautica.Events/Patches/Fixes/Items/OxygenPipe.cs'; 'Subnautica.Events/Patches/Fixes/Items/Seaglide.cs'; 'Subnautica.Events/Patches/Fixes/Items/SpyPenguin.cs'; 'Subnautica.Events/Patches/Fixes/Items/TeleportationTool.cs'; 'Subnautica.Events/Patches/Fixes/Items/Thumper.cs'; 'Subnautica.Events/Patches/Fixes/Player/ArmsController.cs'; 'Subnautica.Events/Patches/Fixes/Player/Craftdata.cs'; 'Subnautica.Events/Patches/Fixes/Player/InitialPlayerPosition.cs'; 'Subnautica.Events/Patches/Fixes/Player/LoseItems.cs'; 'Subnautica.Events/Patches/Fixes/Player/MovingPlatform.cs'; 'Subnautica.Events/Patches/Fixes/Player/PlayerAnimationEventManager.cs'; 'Subnautica.Events/Patches/Fixes/Player/PlayerEmotes.cs'; 'Subnautica.Events/Patches/Fixes/Player/PlayerSignalPosition.cs'; 'Subnautica.Events/Patches/Fixes/Player/SetupCreativeMode.cs'; 'Subnautica.Events/Patches/Fixes/Story/RadioTower.cs'; 'Subnautica.Events/Patches/Fixes/Story/StoryGoalManager.cs'; 'Subnautica.Events/Patches/Fixes/Vehicle/CrushDamage.cs'; 'Subnautica.Events/Patches/Fixes/Vehicle/DockCinematic.cs'; 'Subnautica.Events/Patches/Fixes/Vehicle/Exosuit.cs'; 'Subnautica.Events/Patches/Fixes/Vehicle/MapRoomCamera.cs'; 'Subnautica.Events/Patches/Fixes/Vehicle/SeaTruckAquarium.cs'; 'Subnautica.Events/Patches/Fixes/Vehicle/SeaTruckConnection.cs'; 'Subnautica.Events/Patches/Fixes/Vehicle/SeaTruckCustomMotorGeneral.cs'; 'Subnautica.Events/Patches/Fixes/Vehicle/SeaTruckDockingBay.cs'; 'Subnautica.Events/Patches/Fixes/Vehicle/SeaTruckHud.cs'; 'Subnautica.Events/Patches/Fixes/Vehicle/SeaTruckMotor.cs'; 'Subnautica.Events/Patches/Fixes/Vehicle/SeaTruckSegment.cs'; 'Subnautica.Events/Patches/Fixes/Vehicle/SpyPenguin.cs'; 'Subnautica.Events/Patches/Fixes/Vehicle/VehicleDockingBay.cs'; 'Subnautica.Events/Patches/Fixes/Vehicle/VehicleEnergyConsumer.cs'; 'Subnautica.Events/Patches/Fixes/Vehicle/VehicleKill.cs'; 'Subnautica.Events/Patches/Fixes/World/Brinicle.cs'; 'Subnautica.Events/Patches/Fixes/World/DayNightCycle.cs'; 'Subnautica.Events/Patches/Fixes/World/DepthAlarms.cs'; 'Subnautica.Events/Patches/Fixes/World/Drillable.cs'; 'Subnautica.Events/Patches/Fixes/World/EntityCell.cs'; 'Subnautica.Events/Patches/Fixes/World/PrecursorTeleporter.cs'; 'Subnautica.Events/Patches/Fixes/World/PrecursorTeleporterActivationTerminal.cs'; 'Subnautica.Events/Patches/Fixes/World/SupplyDropManager.cs'; 'Subnautica.Events/Patches/Fixes/World/TerrainPoolManager.cs'; 'Subnautica.Events/Patches/Fixes/World/WorldStreamer.cs'; 'Subnautica.Events/Patches/Identity/Building/BaseGhostFinished.cs'; 'Subnautica.Events/Patches/Identity/Building/ConstructingGhostTryPlacing.cs'; 'Subnautica.Events/Patches/Identity/World/BulkheadDoor.cs'; 'Subnautica.Events/Patches/Identity/World/CinematicModeTriggerBase.cs'; 'Subnautica.Events/Patches/Identity/World/Ladder.cs'; 'Subnautica.Events/Patches/Identity/World/PersistentEntity.cs'; 'Subnautica.Events/Patches/Identity/World/PingInstance.cs'; 'Subnautica.Events/Patches/Identity/World/TechTypeClassIds.cs'; 'Subnautica.Events/Patches/Identity/World/UniqueIdentifier.cs'; 'Subnautica.Events/Patches/SerializeOptimizers/Base.cs'; 'Subnautica.Events/Patches/SerializeOptimizers/BaseFloodSim.cs'; 'Subnautica.Events/Patches/SerializeOptimizers/CrafterLogic.cs'; 'Subnautica.Events/Patches/SerializeOptimizers/JukeboxInstance.cs'; 'Subnautica.Events/Patches/SerializeOptimizers/LiveMixin.cs'; 'Subnautica.Events/Patches/SerializeOptimizers/ProtobufOptimizer.cs'; 'Subnautica.Events/Patches/SerializeOptimizers/SeaTruckDockingBay.cs'; 'Subnautica.Loader/Plugin.cs'; 'Subnautica.Network/Core/Components/NetworkCreatureComponent.cs'; 'Subnautica.Network/Core/Components/NetworkDynamicEntityComponent.cs'; 'Subnautica.Network/Core/Components/NetworkMetadataComponent.cs'; 'Subnautica.Network/Core/Components/NetworkPlayerItemComponent.cs'; 'Subnautica.Network/Core/Components/NetworkWorldEntityComponent.cs'; 'Subnautica.Network/Core/NetworkPacket.cs'; 'Subnautica.Network/Core/NetworkTools.cs'; 'Subnautica.Network/Extensions/PacketExtensions.cs'; 'Subnautica.Network/Models/Client/AnotherPlayerConnectedArgs.cs'; 'Subnautica.Network/Models/Client/ConnectionRejectArgs.cs'; 'Subnautica.Network/Models/Client/InteractArgs.cs'; 'Subnautica.Network/Models/Client/JoiningServerArgs.cs'; 'Subnautica.Network/Models/Client/StoryPlayerVisibilityArgs.cs'; 'Subnautica.Network/Models/Client/WeatherChangedArgs.cs'; 'Subnautica.Network/Models/Client/WorldLoadedArgs.cs'; 'Subnautica.Network/Models/Construction/BaseAddBulkheadGhostComponent.cs'; 'Subnautica.Network/Models/Construction/BaseAddCellGhostComponent.cs'; 'Subnautica.Network/Models/Construction/BaseAddConnectorGhostComponent.cs'; 'Subnautica.Network/Models/Construction/BaseAddCorridorGhostComponent.cs'; 'Subnautica.Network/Models/Construction/BaseAddFaceGhostComponent.cs'; 'Subnautica.Network/Models/Construction/BaseAddLadderGhostComponent.cs'; 'Subnautica.Network/Models/Construction/BaseAddMapRoomGhostComponent.cs'; 'Subnautica.Network/Models/Construction/BaseAddModuleGhostComponent.cs'; 'Subnautica.Network/Models/Construction/BaseAddPartitionDoorGhostComponent.cs'; 'Subnautica.Network/Models/Construction/BaseAddPartitionGhostComponent.cs'; 'Subnautica.Network/Models/Construction/BaseAddWaterParkGhostComponent.cs'; 'Subnautica.Network/Models/Construction/Shared/BaseComponent.cs'; 'Subnautica.Network/Models/Construction/Shared/BaseFaceComponent.cs'; 'Subnautica.Network/Models/Construction/Shared/BaseGhostComponent.cs'; 'Subnautica.Network/Models/Creatures/CrashFish.cs'; 'Subnautica.Network/Models/Creatures/GlowWhale.cs'; 'Subnautica.Network/Models/Creatures/LilyPaddler.cs'; 'Subnautica.Network/Models/Creatures/MultiplayerCreatureItem.cs'; 'Subnautica.Network/Models/Items/AirBladder.cs'; 'Subnautica.Network/Models/Items/Beacon.cs'; 'Subnautica.Network/Models/Items/Constructor.cs'; 'Subnautica.Network/Models/Items/DeployableStorage.cs'; 'Subnautica.Network/Models/Items/DroneCamera.cs'; 'Subnautica.Network/Models/Items/Flare.cs'; 'Subnautica.Network/Models/Items/FlashLight.cs'; 'Subnautica.Network/Models/Items/Hoverbike.cs'; 'Subnautica.Network/Models/Items/Knife.cs'; 'Subnautica.Network/Models/Items/LaserCutter.cs'; 'Subnautica.Network/Models/Items/LEDLight.cs'; 'Subnautica.Network/Models/Items/MetalDetector.cs'; 'Subnautica.Network/Models/Items/PipeSurfaceFloater.cs'; 'Subnautica.Network/Models/Items/Scanner.cs'; 'Subnautica.Network/Models/Items/Seaglide.cs'; 'Subnautica.Network/Models/Items/SpyPenguin.cs'; 'Subnautica.Network/Models/Items/TeleportationTool.cs'; 'Subnautica.Network/Models/Items/Thumper.cs'; 'Subnautica.Network/Models/Items/Welder.cs'; 'Subnautica.Network/Models/Metadata/Aquarium.cs'; 'Subnautica.Network/Models/Metadata/AromatherapyLamp.cs'; 'Subnautica.Network/Models/Metadata/BaseControlRoom.cs'; 'Subnautica.Network/Models/Metadata/BaseMapRoom.cs'; 'Subnautica.Network/Models/Metadata/BaseMoonpool.cs'; 'Subnautica.Network/Models/Metadata/BaseMoonpoolExpansionManager.cs'; 'Subnautica.Network/Models/Metadata/BaseWaterPark.cs'; 'Subnautica.Network/Models/Metadata/Bed.cs'; 'Subnautica.Network/Models/Metadata/Bench.cs'; 'Subnautica.Network/Models/Metadata/BioReactor.cs'; 'Subnautica.Network/Models/Metadata/BulkheadDoor.cs'; 'Subnautica.Network/Models/Metadata/Charger.cs'; 'Subnautica.Network/Models/Metadata/CoffeeVendingMachine.cs'; 'Subnautica.Network/Models/Metadata/Crafter.cs'; 'Subnautica.Network/Models/Metadata/EmmanuelPendulum.cs'; 'Subnautica.Network/Models/Metadata/FiltrationMachine.cs'; 'Subnautica.Network/Models/Metadata/Fridge.cs'; 'Subnautica.Network/Models/Metadata/Hoverpad.cs'; 'Subnautica.Network/Models/Metadata/Jukebox.cs'; 'Subnautica.Network/Models/Metadata/JukeboxUsed.cs'; 'Subnautica.Network/Models/Metadata/LabTrashcan.cs'; 'Subnautica.Network/Models/Metadata/NuclearReactor.cs'; 'Subnautica.Network/Models/Metadata/PictureFrame.cs'; 'Subnautica.Network/Models/Metadata/Planter.cs'; 'Subnautica.Network/Models/Metadata/Recyclotron.cs'; 'Subnautica.Network/Models/Metadata/Shower.cs'; 'Subnautica.Network/Models/Metadata/Sign.cs'; 'Subnautica.Network/Models/Metadata/Sink.cs'; 'Subnautica.Network/Models/Metadata/SmallStove.cs'; 'Subnautica.Network/Models/Metadata/Snowman.cs'; 'Subnautica.Network/Models/Metadata/SpotLight.cs'; 'Subnautica.Network/Models/Metadata/StorageContainer.cs'; 'Subnautica.Network/Models/Metadata/StorageItem.cs'; 'Subnautica.Network/Models/Metadata/StorageLocker.cs'; 'Subnautica.Network/Models/Metadata/TechLight.cs'; 'Subnautica.Network/Models/Metadata/Toilet.cs'; 'Subnautica.Network/Models/Metadata/Trashcans.cs'; 'Subnautica.Network/Models/Server/BaseCellWaterLevelArgs.cs'; 'Subnautica.Network/Models/Server/BaseHullStrengthTakeDamagingArgs.cs'; 'Subnautica.Network/Models/Server/BaseMapRoomTransmissionArgs.cs'; 'Subnautica.Network/Models/Server/BatteryChargerTransmissionArgs.cs'; 'Subnautica.Network/Models/Server/BrinicleArgs.cs'; 'Subnautica.Network/Models/Server/ConstructionAmountChangedArgs.cs'; 'Subnautica.Network/Models/Server/ConstructionCompletedArgs.cs'; 'Subnautica.Network/Models/Server/ConstructionGhostMovingArgs.cs'; 'Subnautica.Network/Models/Server/ConstructionGhostTryPlacingArgs.cs'; 'Subnautica.Network/Models/Server/ConstructionHealthArgs.cs'; 'Subnautica.Network/Models/Server/ConstructionRemovedArgs.cs'; 'Subnautica.Network/Models/Server/CosmeticItemArgs.cs'; 'Subnautica.Network/Models/Server/CreatureAnimationArgs.cs'; 'Subnautica.Network/Models/Server/CreatureAttackLastTargetArgs.cs'; 'Subnautica.Network/Models/Server/CreatureCallArgs.cs'; 'Subnautica.Network/Models/Server/CreatureFreezeArgs.cs'; 'Subnautica.Network/Models/Server/CreatureHealthArgs.cs'; 'Subnautica.Network/Models/Server/CreatureLeviathanMeleeAttackArgs.cs'; 'Subnautica.Network/Models/Server/CreatureMeleeAttackArgs.cs'; 'Subnautica.Network/Models/Server/CreatureProcessArgs.cs'; 'Subnautica.Network/Models/Server/DeconstructionBeginArgs.cs'; 'Subnautica.Network/Models/Server/EncyclopediaAddedArgs.cs'; 'Subnautica.Network/Models/Server/EnergyMixinTransmissionArgs.cs'; 'Subnautica.Network/Models/Server/EnergyTransmissionArgs.cs'; 'Subnautica.Network/Models/Server/EntityScannerCompletedArgs.cs'; 'Subnautica.Network/Models/Server/EntitySlotProcessArgs.cs'; 'Subnautica.Network/Models/Server/ExosuitDrillArgs.cs'; 'Subnautica.Network/Models/Server/ExosuitJumpArgs.cs'; 'Subnautica.Network/Models/Server/ExosuitStorageArgs.cs'; 'Subnautica.Network/Models/Server/FiltrationMachineTransmissionArgs.cs'; 'Subnautica.Network/Models/Server/FurnitureDeconstructionBeginArgs.cs'; 'Subnautica.Network/Models/Server/HoverpadChargeTransmissionArgs.cs'; 'Subnautica.Network/Models/Server/InteractArgs.cs'; 'Subnautica.Network/Models/Server/InteriorToggleArgs.cs'; 'Subnautica.Network/Models/Server/IntroStartArgs.cs'; 'Subnautica.Network/Models/Server/InventoryEquipmentArgs.cs'; 'Subnautica.Network/Models/Server/InventoryItemArgs.cs'; 'Subnautica.Network/Models/Server/InventoryQuickSlotItemArgs.cs'; 'Subnautica.Network/Models/Server/ItemDropArgs.cs'; 'Subnautica.Network/Models/Server/ItemPickupArgs.cs'; 'Subnautica.Network/Models/Server/ItemPinArgs.cs'; 'Subnautica.Network/Models/Server/JoiningServerArgs.cs'; 'Subnautica.Network/Models/Server/JukeboxDiskAddedArgs.cs'; 'Subnautica.Network/Models/Server/LifepodArgs.cs'; 'Subnautica.Network/Models/Server/MetadataComponentArgs.cs'; 'Subnautica.Network/Models/Server/NotificationAddedArgs.cs'; 'Subnautica.Network/Models/Server/PDALogAddedArgs.cs'; 'Subnautica.Network/Models/Server/PingArgs.cs'; 'Subnautica.Network/Models/Server/PlayerAnimationChangedArgs.cs'; 'Subnautica.Network/Models/Server/PlayerClimbArgs.cs'; 'Subnautica.Network/Models/Server/PlayerConsoleCommandArgs.cs'; 'Subnautica.Network/Models/Server/PlayerDeadArgs.cs'; 'Subnautica.Network/Models/Server/PlayerDisconnectedArgs.cs'; 'Subnautica.Network/Models/Server/PlayerFreezeArgs.cs'; 'Subnautica.Network/Models/Server/PlayerInitialEquipmentArgs.cs'; 'Subnautica.Network/Models/Server/PlayerItemActionArgs.cs'; 'Subnautica.Network/Models/Server/PlayerRespawnPointArgs.cs'; 'Subnautica.Network/Models/Server/PlayerSpawnArgs.cs'; 'Subnautica.Network/Models/Server/PlayerStatsArgs.cs'; 'Subnautica.Network/Models/Server/PlayerToolEnergyArgs.cs'; 'Subnautica.Network/Models/Server/PlayerUpdatedArgs.cs'; 'Subnautica.Network/Models/Server/PrecursorTeleporterArgs.cs'; 'Subnautica.Network/Models/Server/ResourceDiscoverArgs.cs'; 'Subnautica.Network/Models/Server/ScannerCompletedArgs.cs'; 'Subnautica.Network/Models/Server/SeaTruckAquariumModuleArgs.cs'; 'Subnautica.Network/Models/Server/SeaTruckConnectionArgs.cs'; 'Subnautica.Network/Models/Server/SeaTruckDockingModuleArgs.cs'; 'Subnautica.Network/Models/Server/SeaTruckFabricatorModuleArgs.cs'; 'Subnautica.Network/Models/Server/SeaTruckSleeperModuleArgs.cs'; 'Subnautica.Network/Models/Server/SeaTruckStorageModuleArgs.cs'; 'Subnautica.Network/Models/Server/SleepTimeSkipArgs.cs'; 'Subnautica.Network/Models/Server/SpawnOnKillArgs.cs'; 'Subnautica.Network/Models/Server/StaticEntityPickedUpArgs.cs'; 'Subnautica.Network/Models/Server/StorageOpenArgs.cs'; 'Subnautica.Network/Models/Server/StoryBridgeArgs.cs'; 'Subnautica.Network/Models/Server/StoryCallArgs.cs'; 'Subnautica.Network/Models/Server/StoryCinematicTriggerArgs.cs'; 'Subnautica.Network/Models/Server/StoryEndGameArgs.cs'; 'Subnautica.Network/Models/Server/StoryFrozenCreatureArgs.cs'; 'Subnautica.Network/Models/Server/StoryInteractArgs.cs'; 'Subnautica.Network/Models/Server/StoryPlayerVisibilityArgs.cs'; 'Subnautica.Network/Models/Server/StoryRadioTowerArgs.cs'; 'Subnautica.Network/Models/Server/StoryShieldBaseArgs.cs'; 'Subnautica.Network/Models/Server/StorySignalArgs.cs'; 'Subnautica.Network/Models/Server/StoryTriggerArgs.cs'; 'Subnautica.Network/Models/Server/SubrootToggleArgs.cs'; 'Subnautica.Network/Models/Server/TechAnalyzeAddedArgs.cs'; 'Subnautica.Network/Models/Server/TechnologyAddedArgs.cs'; 'Subnautica.Network/Models/Server/TechnologyFragmentAddedArgs.cs'; 'Subnautica.Network/Models/Server/UseableDiveHatchArgs.cs'; 'Subnautica.Network/Models/Server/VehicleBatteryArgs.cs'; 'Subnautica.Network/Models/Server/VehicleEnergyTransmissionArgs.cs'; 'Subnautica.Network/Models/Server/VehicleEnterArgs.cs'; 'Subnautica.Network/Models/Server/VehicleExitArgs.cs'; 'Subnautica.Network/Models/Server/VehicleHealthArgs.cs'; 'Subnautica.Network/Models/Server/VehicleInteriorArgs.cs'; 'Subnautica.Network/Models/Server/VehicleLightArgs.cs'; 'Subnautica.Network/Models/Server/VehicleRepairArgs.cs'; 'Subnautica.Network/Models/Server/VehicleUpdatedArgs.cs'; 'Subnautica.Network/Models/Server/VehicleUpgradeConsoleArgs.cs'; 'Subnautica.Network/Models/Server/WeatherChangedArgs.cs'; 'Subnautica.Network/Models/Server/WelderArgs.cs'; 'Subnautica.Network/Models/Server/WorldCreatureOwnershipChangedArgs.cs'; 'Subnautica.Network/Models/Server/WorldCreaturePositionArgs.cs'; 'Subnautica.Network/Models/Server/WorldDynamicEntityOwnershipChangedArgs.cs'; 'Subnautica.Network/Models/Server/WorldDynamicEntityPositionArgs.cs'; 'Subnautica.Network/Models/Server/WorldEntityActionArgs.cs'; 'Subnautica.Network/Models/Server/WorldLoadedArgs.cs'; 'Subnautica.Network/Models/Storage/Construction/Construction.cs'; 'Subnautica.Network/Models/Storage/Construction/ConstructionItem.cs'; 'Subnautica.Network/Models/Storage/Encyclopedia/Encyclopedia.cs'; 'Subnautica.Network/Models/Storage/PictureFrame/PictureFrame.cs'; 'Subnautica.Network/Models/Storage/Player/NotificationItem.cs'; 'Subnautica.Network/Models/Storage/Player/PlayerItem.cs'; 'Subnautica.Network/Models/Storage/Scanner/Scanner.cs'; 'Subnautica.Network/Models/Storage/Story/Components/CustomDoorwayComponent.cs'; 'Subnautica.Network/Models/Storage/Story/Components/FrozenCreatureComponent.cs'; 'Subnautica.Network/Models/Storage/Story/Components/GlacialBasinBridgeComponent.cs'; 'Subnautica.Network/Models/Storage/Story/Components/ShieldBaseComponent.cs'; 'Subnautica.Network/Models/Storage/Story/Story.cs'; 'Subnautica.Network/Models/Storage/Story/StoryGoals/ZeroStoryGoal.cs'; 'Subnautica.Network/Models/Storage/Story/StoryGoals/ZeroStorySignal.cs'; 'Subnautica.Network/Models/Storage/Technology/Technology.cs'; 'Subnautica.Network/Models/Storage/Technology/TechnologyItem.cs'; 'Subnautica.Network/Models/Storage/World/Childrens/Base.cs'; 'Subnautica.Network/Models/Storage/World/Childrens/BatteryItem.cs'; 'Subnautica.Network/Models/Storage/World/Childrens/Brinicle.cs'; 'Subnautica.Network/Models/Storage/World/Childrens/CosmeticItem.cs'; 'Subnautica.Network/Models/Storage/World/Childrens/PowerSource.cs'; 'Subnautica.Network/Models/Storage/World/Childrens/SupplyDrop.cs'; 'Subnautica.Network/Models/Storage/World/Childrens/WorldDynamicEntity.cs'; 'Subnautica.Network/Models/Storage/World/World.cs'; 'Subnautica.Network/Models/WorldEntity/BulkheadDoor.cs'; 'Subnautica.Network/Models/WorldEntity/Databox.cs'; 'Subnautica.Network/Models/WorldEntity/DestroyableDynamicEntity.cs'; 'Subnautica.Network/Models/WorldEntity/DestroyableEntity.cs'; 'Subnautica.Network/Models/WorldEntity/Drillable.cs'; 'Subnautica.Network/Models/WorldEntity/DynamicEntityComponents/Beacon.cs'; 'Subnautica.Network/Models/WorldEntity/DynamicEntityComponents/Constructor.cs'; 'Subnautica.Network/Models/WorldEntity/DynamicEntityComponents/Exosuit.cs'; 'Subnautica.Network/Models/WorldEntity/DynamicEntityComponents/Flare.cs'; 'Subnautica.Network/Models/WorldEntity/DynamicEntityComponents/Hoverbike.cs'; 'Subnautica.Network/Models/WorldEntity/DynamicEntityComponents/LEDLight.cs'; 'Subnautica.Network/Models/WorldEntity/DynamicEntityComponents/MapRoomCamera.cs'; 'Subnautica.Network/Models/WorldEntity/DynamicEntityComponents/PipeSurfaceFloater.cs'; 'Subnautica.Network/Models/WorldEntity/DynamicEntityComponents/QuantumLocker.cs'; 'Subnautica.Network/Models/WorldEntity/DynamicEntityComponents/SeaTruck.cs'; 'Subnautica.Network/Models/WorldEntity/DynamicEntityComponents/SeaTruckAquariumModule.cs'; 'Subnautica.Network/Models/WorldEntity/DynamicEntityComponents/SeaTruckDockingModule.cs'; 'Subnautica.Network/Models/WorldEntity/DynamicEntityComponents/SeaTruckFabricatorModule.cs'; 'Subnautica.Network/Models/WorldEntity/DynamicEntityComponents/SeaTruckSleeperModule.cs'; 'Subnautica.Network/Models/WorldEntity/DynamicEntityComponents/SeaTruckStorageModule.cs'; 'Subnautica.Network/Models/WorldEntity/DynamicEntityComponents/SeaTruckTeleportationModule.cs'; 'Subnautica.Network/Models/WorldEntity/DynamicEntityComponents/Shared/LiveMixin.cs'; 'Subnautica.Network/Models/WorldEntity/DynamicEntityComponents/Shared/OxygenPipeItem.cs'; 'Subnautica.Network/Models/WorldEntity/DynamicEntityComponents/Shared/PowerCell.cs'; 'Subnautica.Network/Models/WorldEntity/DynamicEntityComponents/Shared/SeaTruckLockerItem.cs'; 'Subnautica.Network/Models/WorldEntity/DynamicEntityComponents/Shared/UpgradeConsoleItem.cs'; 'Subnautica.Network/Models/WorldEntity/DynamicEntityComponents/Shared/WorldPickupItem.cs'; 'Subnautica.Network/Models/WorldEntity/DynamicEntityComponents/SmallStorage.cs'; 'Subnautica.Network/Models/WorldEntity/DynamicEntityComponents/SpyPenguin.cs'; 'Subnautica.Network/Models/WorldEntity/DynamicEntityComponents/Thumper.cs'; 'Subnautica.Network/Models/WorldEntity/DynamicEntityComponents/WaterParkCreature.cs'; 'Subnautica.Network/Models/WorldEntity/Elevator.cs'; 'Subnautica.Network/Models/WorldEntity/OxygenPlant.cs'; 'Subnautica.Network/Models/WorldEntity/PlantEntity.cs'; 'Subnautica.Network/Models/WorldEntity/RestrictedEntity.cs'; 'Subnautica.Network/Models/WorldEntity/SealedObject.cs'; 'Subnautica.Network/Models/WorldEntity/StaticEntity.cs'; 'Subnautica.Network/Models/WorldEntity/SupplyCrate.cs'; 'Subnautica.Network/Models/WorldStreamer/ZeroSpawnPoint.cs'; 'Subnautica.Network/Models/WorldStreamer/ZeroSpawnPointContainer.cs'; 'Subnautica.Network/Models/WorldStreamer/ZeroSpawnPointSimple.cs'; 'Subnautica.Network/Structures/ZeroColor.cs'; 'Subnautica.Network/Structures/ZeroColorCustomizer.cs'; 'Subnautica.Network/Structures/ZeroInt3.cs'; 'Subnautica.Network/Structures/ZeroLastTarget.cs'; 'Subnautica.Network/Structures/ZeroQuaternion.cs'; 'Subnautica.Network/Structures/ZeroTransform.cs'; 'Subnautica.Network/Structures/ZeroVector3.cs'; 'Subnautica.Server/Abstracts/BaseLogic.cs'; 'Subnautica.Server/Abstracts/BaseProcessor.cs'; 'Subnautica.Server/Abstracts/BaseStorage.cs'; 'Subnautica.Server/Abstracts/Processors/MetadataProcessor.cs'; 'Subnautica.Server/Abstracts/Processors/NormalProcessor.cs'; 'Subnautica.Server/Abstracts/Processors/PlayerItemProcessor.cs'; 'Subnautica.Server/Abstracts/Processors/WorldCreatureProcessor.cs'; 'Subnautica.Server/Abstracts/Processors/WorldEntityProcessor.cs'; 'Subnautica.Server/Abstracts/ProcessorShared.cs'; 'Subnautica.Server/Core/AuthorizationProfile.cs'; 'Subnautica.Server/Core/Logices.cs'; 'Subnautica.Server/Core/Server.cs'; 'Subnautica.Server/Core/ServerListener.cs'; 'Subnautica.Server/Core/Storages.cs'; 'Subnautica.Server/Events/EventArgs/PlayerDisconnectedEventArgs.cs'; 'Subnautica.Server/Events/EventArgs/PlayerFullConnectedEventArgs.cs'; 'Subnautica.Server/Events/Handlers.cs'; 'Subnautica.Server/Extensions/NetworkExtensions.cs'; 'Subnautica.Server/Extensions/WorldExtensions.cs'; 'Subnautica.Server/Logic/AutoSave.cs'; 'Subnautica.Server/Logic/BaseHullStrength.cs'; 'Subnautica.Server/Logic/CreatureWatcher.cs'; 'Subnautica.Server/Logic/EnergyMixinTransmission.cs'; 'Subnautica.Server/Logic/EnergyTransmission.cs'; 'Subnautica.Server/Logic/EntityWatcher.cs'; 'Subnautica.Server/Logic/Furnitures/BaseMapRoom.cs'; 'Subnautica.Server/Logic/Furnitures/BaseWaterPark.cs'; 'Subnautica.Server/Logic/Furnitures/BatteryCharger.cs'; 'Subnautica.Server/Logic/Furnitures/Bed.cs'; 'Subnautica.Server/Logic/Furnitures/Bench.cs'; 'Subnautica.Server/Logic/Furnitures/CoffeeVendingMachine.cs'; 'Subnautica.Server/Logic/Furnitures/Crafter.cs'; 'Subnautica.Server/Logic/Furnitures/FiltrationMachine.cs'; 'Subnautica.Server/Logic/Furnitures/Fridge.cs'; 'Subnautica.Server/Logic/Furnitures/Hoverpad.cs'; 'Subnautica.Server/Logic/Furnitures/Jukebox.cs'; 'Subnautica.Server/Logic/Furnitures/Moonpool.cs'; 'Subnautica.Server/Logic/Furnitures/SpotLight.cs'; 'Subnautica.Server/Logic/Furnitures/TechLight.cs'; 'Subnautica.Server/Logic/Interact.cs'; 'Subnautica.Server/Logic/PlayerJoin.cs'; 'Subnautica.Server/Logic/PowerConsumer.cs'; 'Subnautica.Server/Logic/SeaTruckAquarium.cs'; 'Subnautica.Server/Logic/ServerApi.cs'; 'Subnautica.Server/Logic/Storage.cs'; 'Subnautica.Server/Logic/StoryTrigger.cs'; 'Subnautica.Server/Logic/Timing.cs'; 'Subnautica.Server/Logic/VehicleEnergyTransmission.cs'; 'Subnautica.Server/Logic/VoidLeviathan.cs'; 'Subnautica.Server/Logic/Weather.cs'; 'Subnautica.Server/Logic/World.cs'; 'Subnautica.Server/Logic/WorldStreamer.cs'; 'Subnautica.Server/Processors/Building/AmountChangedProcessor.cs'; 'Subnautica.Server/Processors/Building/BaseHullStrengthProcessor.cs'; 'Subnautica.Server/Processors/Building/CompletedProcessor.cs'; 'Subnautica.Server/Processors/Building/DeconstructionBeginProcessor.cs'; 'Subnautica.Server/Processors/Building/FurnitureDeconstructionBeginProcessor.cs'; 'Subnautica.Server/Processors/Building/GhostMovedProcessor.cs'; 'Subnautica.Server/Processors/Building/GhostTryPlacingProcessor.cs'; 'Subnautica.Server/Processors/Building/HealthProcessor.cs'; 'Subnautica.Server/Processors/Building/MetadataRequestProcessor.cs'; 'Subnautica.Server/Processors/Building/RemovedProcessor.cs'; 'Subnautica.Server/Processors/Creatures/AnimationChangedProcessor.cs'; 'Subnautica.Server/Processors/Creatures/AttackLastTargetProcessor.cs'; 'Subnautica.Server/Processors/Creatures/CallSoundProcessor.cs'; 'Subnautica.Server/Processors/Creatures/CrashFishProcessor.cs'; 'Subnautica.Server/Processors/Creatures/FreezeProcessor.cs'; 'Subnautica.Server/Processors/Creatures/GlowWhaleProcessor.cs'; 'Subnautica.Server/Processors/Creatures/HealthProcessor.cs'; 'Subnautica.Server/Processors/Creatures/LeviathanMeleeAttackProcessor.cs'; 'Subnautica.Server/Processors/Creatures/LilyPaddlerProcessor.cs'; 'Subnautica.Server/Processors/Creatures/MeleeAttackProcessor.cs'; 'Subnautica.Server/Processors/Encyclopedia/AddedProcessor.cs'; 'Subnautica.Server/Processors/General/InteractProcessor.cs'; 'Subnautica.Server/Processors/General/IntroProcessor.cs'; 'Subnautica.Server/Processors/General/LifepodProcessor.cs'; 'Subnautica.Server/Processors/General/ResourceDiscoverProcessor.cs'; 'Subnautica.Server/Processors/General/StorageOpenProcessor.cs'; 'Subnautica.Server/Processors/Inventory/EquipmentProcessor.cs'; 'Subnautica.Server/Processors/Inventory/ItemPinProcessor.cs'; 'Subnautica.Server/Processors/Inventory/ItemProcessor.cs'; 'Subnautica.Server/Processors/Inventory/QuickSlotProcessor.cs'; 'Subnautica.Server/Processors/Items/BeaconProcessor.cs'; 'Subnautica.Server/Processors/Items/ConstructorProcessor.cs'; 'Subnautica.Server/Processors/Items/DeployableStorageProcessor.cs'; 'Subnautica.Server/Processors/Items/DiveReelProcessor.cs'; 'Subnautica.Server/Processors/Items/FlareProcessor.cs'; 'Subnautica.Server/Processors/Items/FlashLightProcessor.cs'; 'Subnautica.Server/Processors/Items/HoverbikeProcessor.cs'; 'Subnautica.Server/Processors/Items/KnifeProcessor.cs'; 'Subnautica.Server/Processors/Items/LEDLightProcessor.cs'; 'Subnautica.Server/Processors/Items/MapRoomCameraProcessor.cs'; 'Subnautica.Server/Processors/Items/PipeSurfaceFloaterProcessor.cs'; 'Subnautica.Server/Processors/Items/PlayerItemActionProcessor.cs'; 'Subnautica.Server/Processors/Items/ScannerProcessor.cs'; 'Subnautica.Server/Processors/Items/SpyPenguinProcessor.cs'; 'Subnautica.Server/Processors/Items/TeleportationToolProcessor.cs'; 'Subnautica.Server/Processors/Items/ThumperProcessor.cs'; 'Subnautica.Server/Processors/Metadata/AquariumProcessor.cs'; 'Subnautica.Server/Processors/Metadata/AromatherapyLampProcessor.cs'; 'Subnautica.Server/Processors/Metadata/BaseControlRoomProcessor.cs'; 'Subnautica.Server/Processors/Metadata/BaseMapRoomProcessor.cs'; 'Subnautica.Server/Processors/Metadata/BaseWaterParkProcessor.cs'; 'Subnautica.Server/Processors/Metadata/BedProcessor.cs'; 'Subnautica.Server/Processors/Metadata/BenchProcessor.cs'; 'Subnautica.Server/Processors/Metadata/BioReactorProcessor.cs'; 'Subnautica.Server/Processors/Metadata/BulkheadProcessor.cs'; 'Subnautica.Server/Processors/Metadata/ChargerProcessor.cs'; 'Subnautica.Server/Processors/Metadata/CoffeeVendingMachineProcessor.cs'; 'Subnautica.Server/Processors/Metadata/CrafterProcessor.cs'; 'Subnautica.Server/Processors/Metadata/EmmanuelPendulumProcessor.cs'; 'Subnautica.Server/Processors/Metadata/FiltrationMachineProcessor.cs'; 'Subnautica.Server/Processors/Metadata/FridgeProcessor.cs'; 'Subnautica.Server/Processors/Metadata/HoverpadProcessor.cs'; 'Subnautica.Server/Processors/Metadata/JukeboxProcessor.cs'; 'Subnautica.Server/Processors/Metadata/LabTrashcanProcessor.cs'; 'Subnautica.Server/Processors/Metadata/MoonpoolProcessor.cs'; 'Subnautica.Server/Processors/Metadata/NuclearReactorProcessor.cs'; 'Subnautica.Server/Processors/Metadata/PictureFrameProcessor.cs'; 'Subnautica.Server/Processors/Metadata/PlanterProcessor.cs'; 'Subnautica.Server/Processors/Metadata/RecyclotronProcessor.cs'; 'Subnautica.Server/Processors/Metadata/ShowerProcessor.cs'; 'Subnautica.Server/Processors/Metadata/SignProcessor.cs'; 'Subnautica.Server/Processors/Metadata/SinkProcessor.cs'; 'Subnautica.Server/Processors/Metadata/SmallStoveProcessor.cs'; 'Subnautica.Server/Processors/Metadata/SnowmanProcessor.cs'; 'Subnautica.Server/Processors/Metadata/StorageProcessor.cs'; 'Subnautica.Server/Processors/Metadata/ToiletProcessor.cs'; 'Subnautica.Server/Processors/Metadata/TrashcansProcessor.cs'; 'Subnautica.Server/Processors/NoneProcessor.cs'; 'Subnautica.Server/Processors/PDA/JukeboxDiskAddedProcessor.cs'; 'Subnautica.Server/Processors/PDA/NotificationProcessor.cs'; 'Subnautica.Server/Processors/PDA/TechAnalyzeAddedProcessor.cs'; 'Subnautica.Server/Processors/Player/AnimationChangedProcessor.cs'; 'Subnautica.Server/Processors/Player/ClimbProcessor.cs'; 'Subnautica.Server/Processors/Player/ConsoleCommandProcessor.cs'; 'Subnautica.Server/Processors/Player/DeadProcessor.cs'; 'Subnautica.Server/Processors/Player/FirstInitialEquipmentProcessor.cs'; 'Subnautica.Server/Processors/Player/FreezeProcessor.cs'; 'Subnautica.Server/Processors/Player/InteriorToggleProcessor.cs'; 'Subnautica.Server/Processors/Player/ItemDropProcessor.cs'; 'Subnautica.Server/Processors/Player/ItemPickupProcessor.cs'; 'Subnautica.Server/Processors/Player/JoiningProcessor.cs'; 'Subnautica.Server/Processors/Player/PingProcessor.cs'; 'Subnautica.Server/Processors/Player/RespawnPointProcessor.cs'; 'Subnautica.Server/Processors/Player/SpawnProcessor.cs'; 'Subnautica.Server/Processors/Player/StatsProcessor.cs'; 'Subnautica.Server/Processors/Player/SubrootToggleProcessor.cs'; 'Subnautica.Server/Processors/Player/ToolEnergyProcessor.cs'; 'Subnautica.Server/Processors/Player/UpdatedProcessor.cs'; 'Subnautica.Server/Processors/Player/UseableDiveHatchProcessor.cs'; 'Subnautica.Server/Processors/Startup/WorlLoadedProcessor.cs'; 'Subnautica.Server/Processors/Story/BridgeProcessor.cs'; 'Subnautica.Server/Processors/Story/CallProcessor.cs'; 'Subnautica.Server/Processors/Story/CinematicProcessor.cs'; 'Subnautica.Server/Processors/Story/FrozenCreatureProcessor.cs'; 'Subnautica.Server/Processors/Story/InteractProcessor.cs'; 'Subnautica.Server/Processors/Story/PlayerVisibilityProcessor.cs'; 'Subnautica.Server/Processors/Story/RadioTowerProcessor.cs'; 'Subnautica.Server/Processors/Story/ShieldBaseProcessor.cs'; 'Subnautica.Server/Processors/Story/SignalProcessor.cs'; 'Subnautica.Server/Processors/Story/TriggerProcessor.cs'; 'Subnautica.Server/Processors/Technology/AddedProcessor.cs'; 'Subnautica.Server/Processors/Technology/FragmentAddedProcessor.cs'; 'Subnautica.Server/Processors/Technology/ScannerCompletedProcessor.cs'; 'Subnautica.Server/Processors/Vehicle/BatteryProcessor.cs'; 'Subnautica.Server/Processors/Vehicle/EnterProcessor.cs'; 'Subnautica.Server/Processors/Vehicle/ExitProcessor.cs'; 'Subnautica.Server/Processors/Vehicle/ExosuitDrillProcessor.cs'; 'Subnautica.Server/Processors/Vehicle/ExosuitJumpProcessor.cs'; 'Subnautica.Server/Processors/Vehicle/ExosuitStorageProcessor.cs'; 'Subnautica.Server/Processors/Vehicle/HealthProcessor.cs'; 'Subnautica.Server/Processors/Vehicle/InteriorProcessor.cs'; 'Subnautica.Server/Processors/Vehicle/LightProcessor.cs'; 'Subnautica.Server/Processors/Vehicle/SeaTruckAquariumModuleProcessor.cs'; 'Subnautica.Server/Processors/Vehicle/SeaTruckConnectionProcessor.cs'; 'Subnautica.Server/Processors/Vehicle/SeaTruckDockingModuleProcessor.cs'; 'Subnautica.Server/Processors/Vehicle/SeaTruckFabricatorModuleProcessor.cs'; 'Subnautica.Server/Processors/Vehicle/SeaTruckSleeperModuleProcessor.cs'; 'Subnautica.Server/Processors/Vehicle/SeaTruckStorageModuleProcessor.cs'; 'Subnautica.Server/Processors/Vehicle/UpdatedProcessor.cs'; 'Subnautica.Server/Processors/Vehicle/UpgradeConsoleProcessor.cs'; 'Subnautica.Server/Processors/World/BrinicleProcessor.cs'; 'Subnautica.Server/Processors/World/CosmeticItemProcessor.cs'; 'Subnautica.Server/Processors/World/EntityScannerProcessor.cs'; 'Subnautica.Server/Processors/World/EntitySlotSpawnProcessor.cs'; 'Subnautica.Server/Processors/World/PrecursorTeleporterProcessor.cs'; 'Subnautica.Server/Processors/World/SpawnOnKillProcessor.cs'; 'Subnautica.Server/Processors/World/StaticEntityProcessor.cs'; 'Subnautica.Server/Processors/World/WeatherProcessor.cs'; 'Subnautica.Server/Processors/World/WelderProcessor.cs'; 'Subnautica.Server/Processors/World/WorldCreatureActionProcessor.cs'; 'Subnautica.Server/Processors/World/WorldCreaturePositionProcessor.cs'; 'Subnautica.Server/Processors/World/WorldDynamicEntityPositionProcessor.cs'; 'Subnautica.Server/Processors/World/WorldEntityActionProcessor.cs'; 'Subnautica.Server/Processors/WorldEntities/BulkheadDoorProcessor.cs'; 'Subnautica.Server/Processors/WorldEntities/DataboxProcessor.cs'; 'Subnautica.Server/Processors/WorldEntities/DestroyableDynamicEntityProcessor.cs'; 'Subnautica.Server/Processors/WorldEntities/DestroyableEntityProcessor.cs'; 'Subnautica.Server/Processors/WorldEntities/ElevatorProcessor.cs'; 'Subnautica.Server/Processors/WorldEntities/FruitHarvestProcessor.cs'; 'Subnautica.Server/Processors/WorldEntities/LaserCutterProcessor.cs'; 'Subnautica.Server/Processors/WorldEntities/OxygenPlantProcessor.cs'; 'Subnautica.Server/Processors/WorldEntities/SupplyCrateProcessor.cs'; 'Subnautica.Server/Storage/Construction.cs'; 'Subnautica.Server/Storage/Encyclopedia.cs'; 'Subnautica.Server/Storage/PictureFrame.cs'; 'Subnautica.Server/Storage/Player.cs'; 'Subnautica.Server/Storage/Scanner.cs'; 'Subnautica.Server/Storage/Story.cs'; 'Subnautica.Server/Storage/Technology.cs'; 'Subnautica.Server/Storage/World.cs' [/home/rko735/Documentos/Subnautica-Below-Zero-Multiplayer/Subnautica.Multiplayer.csproj]
       Ejecución de la tarea "CheckForDuplicateItems" terminada -- ERROR.
     1>Compilación terminada del destino "CheckForDuplicateItems" en el proyecto "Subnautica.Multiplayer.csproj" -- ERROR.
     1>Compilación del proyecto terminada "/home/rko735/Documentos/Subnautica-Below-Zero-Multiplayer/Subnautica.Multiplayer.csproj" (destinos predeterminados) -- ERROR.

ERROR al compilar.

       "/home/rko735/Documentos/Subnautica-Below-Zero-Multiplayer/Subnautica.Multiplayer.csproj" (destino predeterminado) (1) ->
       (CheckForDuplicateItems destino) -> 
         /home/rko735/.dotnet/sdk/8.0.424/Sdks/Microsoft.NET.Sdk/targets/Microsoft.NET.Sdk.DefaultItems.Shared.targets(190,5): error NETSDK1022: Se incluyeron "Compile" elementos duplicados. El SDK de .NET incluye "Compile" elementos de su directorio de proyecto de manera predeterminada. Puede quitar esos elementos del archivo de proyecto o establecer la propiedad "EnableDefaultCompileItems" en "false" si desea incluirlos explícitamente en el archivo de proyecto. Para más información, consulte https://aka.ms/sdkimplicititems. Los elementos duplicados eran: 'Subnautica.API/Constants/SupplyDrop.cs'; 'Subnautica.API/Enums/BuildingProgressType.cs'; 'Subnautica.API/Enums/ConnectionSignal.cs'; 'Subnautica.API/Enums/Creatures/GlowWhale.cs'; 'Subnautica.API/Enums/CreatureSpawnLevel.cs'; 'Subnautica.API/Enums/DynamicEntityState.cs'; 'Subnautica.API/Enums/EntitySpawnLevel.cs'; 'Subnautica.API/Enums/JukeboxProcessType.cs'; 'Subnautica.API/Enums/LogLevel.cs'; 'Subnautica.API/Enums/NetworkChannel.cs'; 'Subnautica.API/Enums/PickupSourceType.cs'; 'Subnautica.API/Enums/PlayerAnimationType.cs'; 'Subnautica.API/Enums/ProcessType.cs'; 'Subnautica.API/Enums/SlotType.cs'; 'Subnautica.API/Enums/StoryCinematicType.cs'; 'Subnautica.API/Enums/SubnauticaPluginPriority.cs'; 'Subnautica.API/Enums/VersionType.cs'; 'Subnautica.API/Enums/ZeroKinematicState.cs'; 'Subnautica.API/Enums/ZeroModalSize.cs'; 'Subnautica.API/Extensions/BaseGhostExtensions.cs'; 'Subnautica.API/Extensions/CreatureExtensions.cs'; 'Subnautica.API/Extensions/EventExtensions.cs'; 'Subnautica.API/Extensions/GameExtensions.cs'; 'Subnautica.API/Extensions/ProtobufExtensions.cs'; 'Subnautica.API/Extensions/StringExtensions.cs'; 'Subnautica.API/Extensions/TechExtensions.cs'; 'Subnautica.API/Extensions/UnityExtensions.cs'; 'Subnautica.API/Extensions/ZeroExtensions.cs'; 'Subnautica.API/Features/BroadcastInterval.cs'; 'Subnautica.API/Features/Compressors/UnityCompressor_Int.cs'; 'Subnautica.API/Features/Compressors/UnityCompressor_Long.cs'; 'Subnautica.API/Features/CreatureData.cs'; 'Subnautica.API/Features/Creatures/CreatureQueueItem.cs'; 'Subnautica.API/Features/Creatures/Datas/ArcticRayData.cs'; 'Subnautica.API/Features/Creatures/Datas/BaseCreatureData.cs'; 'Subnautica.API/Features/Creatures/Datas/BruteSharkData.cs'; 'Subnautica.API/Features/Creatures/Datas/ChelicerateData.cs'; 'Subnautica.API/Features/Creatures/Datas/CrashFishData.cs'; 'Subnautica.API/Features/Creatures/Datas/CryptosuchusData.cs'; 'Subnautica.API/Features/Creatures/Datas/Eggs/GlowWhaleEggData.cs'; 'Subnautica.API/Features/Creatures/Datas/GlowWhaleData.cs'; 'Subnautica.API/Features/Creatures/Datas/JellyFishData.cs'; 'Subnautica.API/Features/Creatures/Datas/LilyPaddlerData.cs'; 'Subnautica.API/Features/Creatures/Datas/ShadowLeviathanData.cs'; 'Subnautica.API/Features/Creatures/Datas/SkyrayData.cs'; 'Subnautica.API/Features/Creatures/Datas/TitanHolefishData.cs'; 'Subnautica.API/Features/Creatures/Datas/VentGardenSmallData.cs'; 'Subnautica.API/Features/Creatures/Datas/VoidLeviathanData.cs'; 'Subnautica.API/Features/Creatures/MonoBehaviours/BaseCreatureMonoBehaviour.cs'; 'Subnautica.API/Features/Creatures/MonoBehaviours/CrashFishMonobehaviour.cs'; 'Subnautica.API/Features/Creatures/MonoBehaviours/GlowWhaleMonoBehaviour.cs'; 'Subnautica.API/Features/Creatures/MonoBehaviours/JellyFishMonobehaviour.cs'; 'Subnautica.API/Features/Creatures/MonoBehaviours/LilyPaddlerMonoBehaviour.cs'; 'Subnautica.API/Features/Creatures/MonoBehaviours/Shared/MultiplayerAggressiveToPilotingVehicle.cs'; 'Subnautica.API/Features/Creatures/MonoBehaviours/Shared/MultiplayerAttackLastTarget.cs'; 'Subnautica.API/Features/Creatures/MonoBehaviours/Shared/MultiplayerCreatureAggressionManager.cs'; 'Subnautica.API/Features/Creatures/MonoBehaviours/Shared/MultiplayerCreaturedShared.cs'; 'Subnautica.API/Features/Creatures/MonoBehaviours/Shared/MultiplayerLeviathanMeleeAttack.cs'; 'Subnautica.API/Features/Creatures/MonoBehaviours/Shared/MultiplayerMeleeAttack.cs'; 'Subnautica.API/Features/Creatures/MonoBehaviours/Shared/MultiplayerWaterParkCreature.cs'; 'Subnautica.API/Features/Creatures/MonoBehaviours/SkyrayMonoBehaviour.cs'; 'Subnautica.API/Features/Creatures/MultiplayerCreature.cs'; 'Subnautica.API/Features/Creatures/MultiplayerCreatureManager.cs'; 'Subnautica.API/Features/Creatures/MultiplayerCreatureMovement.cs'; 'Subnautica.API/Features/Creatures/Trackers/ArcticRayAnimationTracker.cs'; 'Subnautica.API/Features/Creatures/Trackers/BaseAnimationTracker.cs'; 'Subnautica.API/Features/Creatures/Trackers/CreatureAttackTracker.cs'; 'Subnautica.API/Features/Creatures/Trackers/FlappingAnimationTracker.cs'; 'Subnautica.API/Features/Creatures/Trackers/ProtectCrashHomeTracker.cs'; 'Subnautica.API/Features/CustomProperty.cs'; 'Subnautica.API/Features/Discord.cs'; 'Subnautica.API/Features/DiscordManager/Exceptions/NamedPipeConnectionException.cs'; 'Subnautica.API/Features/DiscordManager/Exceptions/NamedPipeOpenException.cs'; 'Subnautica.API/Features/DiscordManager/Exceptions/NamedPipeReadException.cs'; 'Subnautica.API/Features/DiscordManager/Exceptions/NamedPipeWriteException.cs'; 'Subnautica.API/Features/DiscordManager/NamedPipeClientStream.cs'; 'Subnautica.API/Features/DiscordManager/NamedPipeUnity.cs'; 'Subnautica.API/Features/Entity.cs'; 'Subnautica.API/Features/ErrorMessages.cs'; 'Subnautica.API/Features/EventBlocker.cs'; 'Subnautica.API/Features/FakeFMODByBenson.cs'; 'Subnautica.API/Features/FileDownloader.cs'; 'Subnautica.API/Features/FirewallApi.cs'; 'Subnautica.API/Features/GameIndex.cs'; 'Subnautica.API/Features/Helper/ApiCreditsDataFormat.cs'; 'Subnautica.API/Features/Helper/ApiDataFormat.cs'; 'Subnautica.API/Features/Helper/FirewallItemFormat.cs'; 'Subnautica.API/Features/Helper/GenericProperty.cs'; 'Subnautica.API/Features/Helper/ItemQueueProcess.cs'; 'Subnautica.API/Features/Helper/LobbyCreateServerResponseFormat.cs'; 'Subnautica.API/Features/Helper/LobbyJoinServerResponseFormat.cs'; 'Subnautica.API/Features/Helper/LobbyPingServerResponseFormat.cs'; 'Subnautica.API/Features/Helper/ModConfigFormat.cs'; 'Subnautica.API/Features/Interact.cs'; 'Subnautica.API/Features/IntroVignette.cs'; 'Subnautica.API/Features/InviteCode.cs'; 'Subnautica.API/Features/Log.cs'; 'Subnautica.API/Features/Netbird/Netbird.cs'; 'Subnautica.API/Features/Netbird/NetbirdContainerItem.cs'; 'Subnautica.API/Features/Netbird/NetbirdResponseFormat.cs'; 'Subnautica.API/Features/NetBirdApi.cs'; 'Subnautica.API/Features/Network.cs'; 'Subnautica.API/Features/NetworkUtility/BaseFacePiece.cs'; 'Subnautica.API/Features/NetworkUtility/CellManager.cs'; 'Subnautica.API/Features/NetworkUtility/DynamicEntity.cs'; 'Subnautica.API/Features/NetworkUtility/EntityDatabase.cs'; 'Subnautica.API/Features/NetworkUtility/HandTarget.cs'; 'Subnautica.API/Features/NetworkUtility/Identifier.cs'; 'Subnautica.API/Features/NetworkUtility/Session.cs'; 'Subnautica.API/Features/NetworkUtility/StaticEntity.cs'; 'Subnautica.API/Features/NetworkUtility/Storage.cs'; 'Subnautica.API/Features/NetworkUtility/Story.cs'; 'Subnautica.API/Features/NetworkUtility/Temporary.cs'; 'Subnautica.API/Features/NetworkUtility/WorldStreamer.cs'; 'Subnautica.API/Features/Paths.cs'; 'Subnautica.API/Features/PlayerUtility/PlayerRange.cs'; 'Subnautica.API/Features/QualitySetting.cs'; 'Subnautica.API/Features/Request.cs'; 'Subnautica.API/Features/Serializer.cs'; 'Subnautica.API/Features/ServerItem.cs'; 'Subnautica.API/Features/Settings.cs'; 'Subnautica.API/Features/StopwatchItem.cs'; 'Subnautica.API/Features/SubnauticaPlugin.cs'; 'Subnautica.API/Features/TechGroup.cs'; 'Subnautica.API/Features/Tools.cs'; 'Subnautica.API/Features/Vehicle.cs'; 'Subnautica.API/Features/WaitingScreen.cs'; 'Subnautica.API/Features/World.cs'; 'Subnautica.API/Features/ZeroGame.cs'; 'Subnautica.API/Features/ZeroLanguage.cs'; 'Subnautica.API/Features/ZeroLiveMixin.cs'; 'Subnautica.API/Features/ZeroModal.cs'; 'Subnautica.API/Features/ZeroPlayer.cs'; 'Subnautica.API/MonoBehaviours/BaseGhostRotationComponent.cs'; 'Subnautica.API/MonoBehaviours/BasePieceComponent.cs'; 'Subnautica.API/MonoBehaviours/Components/BasePieceData.cs'; 'Subnautica.API/MonoBehaviours/PlayerObstacle.cs'; 'Subnautica.API/MonoBehaviours/SpawnPointComponent.cs'; 'Subnautica.API/MonoBehaviours/ZeroIdentity.cs'; 'Subnautica.Client/Abstracts/BaseProcessor.cs'; 'Subnautica.Client/Abstracts/Processors/MetadataProcessor.cs'; 'Subnautica.Client/Abstracts/Processors/NormalProcessor.cs'; 'Subnautica.Client/Abstracts/Processors/PlayerItemProcessor.cs'; 'Subnautica.Client/Abstracts/Processors/WorldCreatureProcessor.cs'; 'Subnautica.Client/Abstracts/Processors/WorldDynamicEntityProcessor.cs'; 'Subnautica.Client/Abstracts/Processors/WorldEntityProcessor.cs'; 'Subnautica.Client/Abstracts/ProcessorShared.cs'; 'Subnautica.Client/Core/ClientListener.cs'; 'Subnautica.Client/Core/NetworkClient.cs'; 'Subnautica.Client/Core/NetworkServer.cs'; 'Subnautica.Client/Extensions/ItemExtensions.cs'; 'Subnautica.Client/Extensions/PlayerCinematicCreatureExtensions.cs'; 'Subnautica.Client/Extensions/PlayerCinematicExtensions.cs'; 'Subnautica.Client/Extensions/PlayerExtensions.cs'; 'Subnautica.Client/Main.cs'; 'Subnautica.Client/Modules/ClientServerConnection.cs'; 'Subnautica.Client/Modules/DiscordRichPresence.cs'; 'Subnautica.Client/Modules/InviteCodeModule.cs'; 'Subnautica.Client/Modules/MainProcess.cs'; 'Subnautica.Client/Modules/MultiplayerElevator.cs'; 'Subnautica.Client/Modules/MultiplayerMainMenu.cs'; 'Subnautica.Client/Modules/MultiplayerMainMenuModule/UserInterfaceElements.cs'; 'Subnautica.Client/Modules/PingLatency.cs'; 'Subnautica.Client/Modules/SleepScreen.cs'; 'Subnautica.Client/MonoBehaviours/Construction/BuilderBaseHullStrength.cs'; 'Subnautica.Client/MonoBehaviours/Construction/BuilderGhostAnimation.cs'; 'Subnautica.Client/MonoBehaviours/Construction/BuilderNormalAnimation.cs'; 'Subnautica.Client/MonoBehaviours/Creature/CreatureWatcher.cs'; 'Subnautica.Client/MonoBehaviours/Entity/Components/EntityInterpolate.cs'; 'Subnautica.Client/MonoBehaviours/Entity/Components/EntityPosition.cs'; 'Subnautica.Client/MonoBehaviours/Entity/Components/EntityVisibility.cs'; 'Subnautica.Client/MonoBehaviours/Entity/MultiplayerCrafter.cs'; 'Subnautica.Client/MonoBehaviours/Entity/MultiplayerEntityTracker.cs'; 'Subnautica.Client/MonoBehaviours/General/ConnectionSignals.cs'; 'Subnautica.Client/MonoBehaviours/General/MultiplayerChannelProcessor.cs'; 'Subnautica.Client/MonoBehaviours/General/ProcessorBehaviour.cs'; 'Subnautica.Client/MonoBehaviours/Player/CinematicController.cs'; 'Subnautica.Client/MonoBehaviours/Player/PlayerAnimation.cs'; 'Subnautica.Client/MonoBehaviours/Player/PlayerEquipment.cs'; 'Subnautica.Client/MonoBehaviours/Player/PlayerFootstepSounds.cs'; 'Subnautica.Client/MonoBehaviours/Player/PlayerHandItemManager.cs'; 'Subnautica.Client/MonoBehaviours/Player/PlayerLighting.cs'; 'Subnautica.Client/MonoBehaviours/Player/PlayerVehicleManagement.cs'; 'Subnautica.Client/MonoBehaviours/Vehicle/MultiplayerSeaTruckSleeperModule.cs'; 'Subnautica.Client/MonoBehaviours/World/MultiplayerBrinicle.cs'; 'Subnautica.Client/MonoBehaviours/World/MultiplayerExpansionManager.cs'; 'Subnautica.Client/MonoBehaviours/World/MultiplayerPipeSurfaceFloater.cs'; 'Subnautica.Client/MonoBehaviours/World/MultiplayerScannerRoom.cs'; 'Subnautica.Client/MonoBehaviours/World/MultiplayerSeaTruckDockingBay.cs'; 'Subnautica.Client/MonoBehaviours/World/MultiplayerVehicleDockingBay.cs'; 'Subnautica.Client/MonoBehaviours/World/PlanterItemComponent.cs'; 'Subnautica.Client/Multiplayer/Cinematics/BedCinematic.cs'; 'Subnautica.Client/Multiplayer/Cinematics/BenchCinematic.cs'; 'Subnautica.Client/Multiplayer/Cinematics/BulkheadDoorCinematic.cs'; 'Subnautica.Client/Multiplayer/Cinematics/ClimbCinematic.cs'; 'Subnautica.Client/Multiplayer/Cinematics/ConstructorCinematic.cs'; 'Subnautica.Client/Multiplayer/Cinematics/CreatureCinematics/GlowWhaleCinematic.cs'; 'Subnautica.Client/Multiplayer/Cinematics/CreatureCinematics/LeviathanMeleeAttackCinematic.cs'; 'Subnautica.Client/Multiplayer/Cinematics/HoverpadCinematic.cs'; 'Subnautica.Client/Multiplayer/Cinematics/MoonpoolCinematic.cs'; 'Subnautica.Client/Multiplayer/Cinematics/PlayerCinematicQueue.cs'; 'Subnautica.Client/Multiplayer/Cinematics/PrecursorTeleporterTerminalCinematic.cs'; 'Subnautica.Client/Multiplayer/Cinematics/RadioTowerCinematic.cs'; 'Subnautica.Client/Multiplayer/Cinematics/SeaTruckDetachCinematic.cs'; 'Subnautica.Client/Multiplayer/Cinematics/SeaTruckPilotingCinematic.cs'; 'Subnautica.Client/Multiplayer/Cinematics/SeaTruckTeleportationCinematic.cs'; 'Subnautica.Client/Multiplayer/Cinematics/UseableDiveHatchCinematic.cs'; 'Subnautica.Client/Multiplayer/Constructing/BaseGhostExtensions/BaseAddBulkheadGhost.cs'; 'Subnautica.Client/Multiplayer/Constructing/BaseGhostExtensions/BaseAddCellGhost.cs'; 'Subnautica.Client/Multiplayer/Constructing/BaseGhostExtensions/BaseAddConnectorGhost.cs'; 'Subnautica.Client/Multiplayer/Constructing/BaseGhostExtensions/BaseAddCorridorGhost.cs'; 'Subnautica.Client/Multiplayer/Constructing/BaseGhostExtensions/BaseAddFaceGhost.cs'; 'Subnautica.Client/Multiplayer/Constructing/BaseGhostExtensions/BaseAddLadderGhost.cs'; 'Subnautica.Client/Multiplayer/Constructing/BaseGhostExtensions/BaseAddMapRoomGhost.cs'; 'Subnautica.Client/Multiplayer/Constructing/BaseGhostExtensions/BaseAddModuleGhost.cs'; 'Subnautica.Client/Multiplayer/Constructing/BaseGhostExtensions/BaseAddPartitionDoorGhost.cs'; 'Subnautica.Client/Multiplayer/Constructing/BaseGhostExtensions/BaseAddPartitionGhost.cs'; 'Subnautica.Client/Multiplayer/Constructing/BaseGhostExtensions/BaseAddWaterParkGhost.cs'; 'Subnautica.Client/Multiplayer/Constructing/Builder.cs'; 'Subnautica.Client/Multiplayer/Furnitures/Bed.cs'; 'Subnautica.Client/Multiplayer/Vehicles/Exosuit.cs'; 'Subnautica.Client/Multiplayer/Vehicles/Hoverbike.cs'; 'Subnautica.Client/Multiplayer/Vehicles/MapRoomCamera.cs'; 'Subnautica.Client/Multiplayer/Vehicles/SeaTruck.cs'; 'Subnautica.Client/Multiplayer/Vehicles/SeaTruckModule.cs'; 'Subnautica.Client/Multiplayer/Vehicles/SpyPenguin.cs'; 'Subnautica.Client/Multiplayer/Vehicles/VehicleController.cs'; 'Subnautica.Client/Multiplayer/World/MultiplayerMovingPlatform.cs'; 'Subnautica.Client/Patches/VehicleDockingBay.cs'; 'Subnautica.Client/Router.cs'; 'Subnautica.Client/Synchronizations/InitialSync/BaseProcessor.cs'; 'Subnautica.Client/Synchronizations/InitialSync/ConstructionProcessor.cs'; 'Subnautica.Client/Synchronizations/InitialSync/CustomDoorways.cs'; 'Subnautica.Client/Synchronizations/InitialSync/EncyclopediaProcessor.cs'; 'Subnautica.Client/Synchronizations/InitialSync/EntityProcessor.cs'; 'Subnautica.Client/Synchronizations/InitialSync/InventoryProcessor.cs'; 'Subnautica.Client/Synchronizations/InitialSync/ItemPinManagerProcessor.cs'; 'Subnautica.Client/Synchronizations/InitialSync/JukeboxDiskProcessor.cs'; 'Subnautica.Client/Synchronizations/InitialSync/LifepodProcessor.cs'; 'Subnautica.Client/Synchronizations/InitialSync/NotificationProcessor.cs'; 'Subnautica.Client/Synchronizations/InitialSync/PacketsSyncProcessor.cs'; 'Subnautica.Client/Synchronizations/InitialSync/PlayerProcessor.cs'; 'Subnautica.Client/Synchronizations/InitialSync/ScreenshotProcessor.cs'; 'Subnautica.Client/Synchronizations/InitialSync/SeaTruckProcessor.cs'; 'Subnautica.Client/Synchronizations/InitialSync/SpawnPointProcessor.cs'; 'Subnautica.Client/Synchronizations/InitialSync/StoryProcessor.cs'; 'Subnautica.Client/Synchronizations/InitialSync/TechnologyProcessor.cs'; 'Subnautica.Client/Synchronizations/InitialSync/TeleporterProcessor.cs'; 'Subnautica.Client/Synchronizations/InitialSync/WorldProcessor.cs'; 'Subnautica.Client/Synchronizations/Processors/Building/AmountChangedProcessor.cs'; 'Subnautica.Client/Synchronizations/Processors/Building/BaseHullStrengthProcessor.cs'; 'Subnautica.Client/Synchronizations/Processors/Building/CompletedProcessor.cs'; 'Subnautica.Client/Synchronizations/Processors/Building/ConstructionSyncedProcessor.cs'; 'Subnautica.Client/Synchronizations/Processors/Building/DeconstructionBeginProcessor.cs'; 'Subnautica.Client/Synchronizations/Processors/Building/FurnitureDeconstructionBeginProcessor.cs'; 'Subnautica.Client/Synchronizations/Processors/Building/GhostMovedProcessor.cs'; 'Subnautica.Client/Synchronizations/Processors/Building/GhostTryPlacingProcessor.cs'; 'Subnautica.Client/Synchronizations/Processors/Building/HealthProcessor.cs'; 'Subnautica.Client/Synchronizations/Processors/Building/MetadataRequestProcessor.cs'; 'Subnautica.Client/Synchronizations/Processors/Building/RemovedProcessor.cs'; 'Subnautica.Client/Synchronizations/Processors/Creatures/AnimationChangedProcessor.cs'; 'Subnautica.Client/Synchronizations/Processors/Creatures/AttackLastTargetProcessor.cs'; 'Subnautica.Client/Synchronizations/Processors/Creatures/CallSoundProcessor.cs'; 'Subnautica.Client/Synchronizations/Processors/Creatures/CrashFishProcessor.cs'; 'Subnautica.Client/Synchronizations/Processors/Creatures/FreezeProcessor.cs'; 'Subnautica.Client/Synchronizations/Processors/Creatures/GlowWhaleProcessor.cs'; 'Subnautica.Client/Synchronizations/Processors/Creatures/HealthProcessor.cs'; 'Subnautica.Client/Synchronizations/Processors/Creatures/LeviathanMeleeAttackProcessor.cs'; 'Subnautica.Client/Synchronizations/Processors/Creatures/LilyPaddlerProcessor.cs'; 'Subnautica.Client/Synchronizations/Processors/Creatures/MeleeAttackProcessor.cs'; 'Subnautica.Client/Synchronizations/Processors/Creatures/OwnershipProcessor.cs'; 'Subnautica.Client/Synchronizations/Processors/Creatures/PositionProcessor.cs'; 'Subnautica.Client/Synchronizations/Processors/Creatures/VoidLeviathanProcessor.cs'; 'Subnautica.Client/Synchronizations/Processors/Encyclopedia/AddedProcessor.cs'; 'Subnautica.Client/Synchronizations/Processors/General/InteractProcessor.cs'; 'Subnautica.Client/Synchronizations/Processors/General/IntroProcessor.cs'; 'Subnautica.Client/Synchronizations/Processors/General/LifepodProcessor.cs'; 'Subnautica.Client/Synchronizations/Processors/General/ResourceDiscoverProcessor.cs'; 'Subnautica.Client/Synchronizations/Processors/General/StorageOpenProcessor.cs'; 'Subnautica.Client/Synchronizations/Processors/Inventory/EquipmentProcessor.cs'; 'Subnautica.Client/Synchronizations/Processors/Inventory/ItemPinProcessor.cs'; 'Subnautica.Client/Synchronizations/Processors/Inventory/ItemProcessor.cs'; 'Subnautica.Client/Synchronizations/Processors/Inventory/QuickSlotProcessor.cs'; 'Subnautica.Client/Synchronizations/Processors/Items/AirBladderProcessor.cs'; 'Subnautica.Client/Synchronizations/Processors/Items/BeaconProcessor.cs'; 'Subnautica.Client/Synchronizations/Processors/Items/ConstructorProcessor.cs'; 'Subnautica.Client/Synchronizations/Processors/Items/DeployableStorageProcessor.cs'; 'Subnautica.Client/Synchronizations/Processors/Items/DiveReelProcessor.cs'; 'Subnautica.Client/Synchronizations/Processors/Items/FlareProcessor.cs'; 'Subnautica.Client/Synchronizations/Processors/Items/FlashLightProcessor.cs'; 'Subnautica.Client/Synchronizations/Processors/Items/HoverbikeProcessor.cs'; 'Subnautica.Client/Synchronizations/Processors/Items/KnifeProcessor.cs'; 'Subnautica.Client/Synchronizations/Processors/Items/LaserCutterProcessor.cs'; 'Subnautica.Client/Synchronizations/Processors/Items/LEDLightProcessor.cs'; 'Subnautica.Client/Synchronizations/Processors/Items/MapRoomCameraProcessor.cs'; 'Subnautica.Client/Synchronizations/Processors/Items/MetalDetectorProcessor.cs'; 'Subnautica.Client/Synchronizations/Processors/Items/PipeSurfaceFloaterProcessor.cs'; 'Subnautica.Client/Synchronizations/Processors/Items/PlayerItemActionProcessor.cs'; 'Subnautica.Client/Synchronizations/Processors/Items/ScannerProcessor.cs'; 'Subnautica.Client/Synchronizations/Processors/Items/SeaglideProcessor.cs'; 'Subnautica.Client/Synchronizations/Processors/Items/SpyPenguinProcessor.cs'; 'Subnautica.Client/Synchronizations/Processors/Items/TeleportationToolProcessor.cs'; 'Subnautica.Client/Synchronizations/Processors/Items/ThumperProcessor.cs'; 'Subnautica.Client/Synchronizations/Processors/Items/WelderProcessor.cs'; 'Subnautica.Client/Synchronizations/Processors/LogAddedProcessor.cs'; 'Subnautica.Client/Synchronizations/Processors/Metadata/AquariumProcessor.cs'; 'Subnautica.Client/Synchronizations/Processors/Metadata/AromatherapyProcessor.cs'; 'Subnautica.Client/Synchronizations/Processors/Metadata/BaseControlRoomProcessor.cs'; 'Subnautica.Client/Synchronizations/Processors/Metadata/BaseMapRoomProcessor.cs'; 'Subnautica.Client/Synchronizations/Processors/Metadata/BaseWaterParkProcessor.cs'; 'Subnautica.Client/Synchronizations/Processors/Metadata/BedProcessor.cs'; 'Subnautica.Client/Synchronizations/Processors/Metadata/BenchProcessor.cs'; 'Subnautica.Client/Synchronizations/Processors/Metadata/BioReactorProcessor.cs'; 'Subnautica.Client/Synchronizations/Processors/Metadata/BulkheadProcessor.cs'; 'Subnautica.Client/Synchronizations/Processors/Metadata/ChargerProcessor.cs'; 'Subnautica.Client/Synchronizations/Processors/Metadata/CoffeeVendingMachineProcessor.cs'; 'Subnautica.Client/Synchronizations/Processors/Metadata/CrafterProcessor.cs'; 'Subnautica.Client/Synchronizations/Processors/Metadata/EmmanuelPendulumProcessor.cs'; 'Subnautica.Client/Synchronizations/Processors/Metadata/FiltrationMachineProcessor.cs'; 'Subnautica.Client/Synchronizations/Processors/Metadata/FridgeProcessor.cs'; 'Subnautica.Client/Synchronizations/Processors/Metadata/HoverpadProcessor.cs'; 'Subnautica.Client/Synchronizations/Processors/Metadata/JukeboxProcessor.cs'; 'Subnautica.Client/Synchronizations/Processors/Metadata/LabTrashcanProcessor.cs'; 'Subnautica.Client/Synchronizations/Processors/Metadata/MapRoomProcessor.cs'; 'Subnautica.Client/Synchronizations/Processors/Metadata/MoonpoolProcessor.cs'; 'Subnautica.Client/Synchronizations/Processors/Metadata/NuclearReactorProcessor.cs'; 'Subnautica.Client/Synchronizations/Processors/Metadata/PictureFrameProcessor.cs'; 'Subnautica.Client/Synchronizations/Processors/Metadata/PlanterProcessor.cs'; 'Subnautica.Client/Synchronizations/Processors/Metadata/RecyclotronProcessor.cs'; 'Subnautica.Client/Synchronizations/Processors/Metadata/ShowerProcessor.cs'; 'Subnautica.Client/Synchronizations/Processors/Metadata/SignProcessor.cs'; 'Subnautica.Client/Synchronizations/Processors/Metadata/SinkProcessor.cs'; 'Subnautica.Client/Synchronizations/Processors/Metadata/SmallStoveProcessor.cs'; 'Subnautica.Client/Synchronizations/Processors/Metadata/SnowmanProcessor.cs'; 'Subnautica.Client/Synchronizations/Processors/Metadata/SpotLightProcessor.cs'; 'Subnautica.Client/Synchronizations/Processors/Metadata/StorageProcessor.cs'; 'Subnautica.Client/Synchronizations/Processors/Metadata/TechlightProcessor.cs'; 'Subnautica.Client/Synchronizations/Processors/Metadata/ToiletProcessor.cs'; 'Subnautica.Client/Synchronizations/Processors/Metadata/TrashcansProcessor.cs'; 'Subnautica.Client/Synchronizations/Processors/NoneProcessor.cs'; 'Subnautica.Client/Synchronizations/Processors/PDA/JukeboxDiskAddedProcessor.cs'; 'Subnautica.Client/Synchronizations/Processors/PDA/NotificationProcessor.cs'; 'Subnautica.Client/Synchronizations/Processors/PDA/TechAnalyzeAddedProcessor.cs'; 'Subnautica.Client/Synchronizations/Processors/Player/AnimationChangedProcessor.cs'; 'Subnautica.Client/Synchronizations/Processors/Player/AnotherPlayerConnectedProcessor.cs'; 'Subnautica.Client/Synchronizations/Processors/Player/ClimbProcessor.cs'; 'Subnautica.Client/Synchronizations/Processors/Player/ConsoleCommandProcessor.cs'; 'Subnautica.Client/Synchronizations/Processors/Player/DeadProcessor.cs'; 'Subnautica.Client/Synchronizations/Processors/Player/DisconnectedProcessor.cs'; 'Subnautica.Client/Synchronizations/Processors/Player/FirstInitialEquipmentProcessor.cs'; 'Subnautica.Client/Synchronizations/Processors/Player/FreezeProcessor.cs'; 'Subnautica.Client/Synchronizations/Processors/Player/InteriorToggleProcessor.cs'; 'Subnautica.Client/Synchronizations/Processors/Player/ItemDropProcessor.cs'; 'Subnautica.Client/Synchronizations/Processors/Player/ItemPickupProcessor.cs'; 'Subnautica.Client/Synchronizations/Processors/Player/JoiningProcessor.cs'; 'Subnautica.Client/Synchronizations/Processors/Player/PingProcessor.cs'; 'Subnautica.Client/Synchronizations/Processors/Player/RespawnPointProcessor.cs'; 'Subnautica.Client/Synchronizations/Processors/Player/SpawnProcessor.cs'; 'Subnautica.Client/Synchronizations/Processors/Player/StatsProcessor.cs'; 'Subnautica.Client/Synchronizations/Processors/Player/SubrootToggleProcessor.cs'; 'Subnautica.Client/Synchronizations/Processors/Player/ToolEnergyProcessor.cs'; 'Subnautica.Client/Synchronizations/Processors/Player/UpdatedProcessor.cs'; 'Subnautica.Client/Synchronizations/Processors/Player/UseableDiveHatchProcessor.cs'; 'Subnautica.Client/Synchronizations/Processors/Story/BridgeProcessor.cs'; 'Subnautica.Client/Synchronizations/Processors/Story/CallProcessor.cs'; 'Subnautica.Client/Synchronizations/Processors/Story/CinematicProcessor.cs'; 'Subnautica.Client/Synchronizations/Processors/Story/EndGameProcessor.cs'; 'Subnautica.Client/Synchronizations/Processors/Story/FrozenCreatureProcessor.cs'; 'Subnautica.Client/Synchronizations/Processors/Story/InteractProcessor.cs'; 'Subnautica.Client/Synchronizations/Processors/Story/PlayerVisibilityProcessor.cs'; 'Subnautica.Client/Synchronizations/Processors/Story/RadioTowerProcessor.cs'; 'Subnautica.Client/Synchronizations/Processors/Story/ShieldBaseProcessor.cs'; 'Subnautica.Client/Synchronizations/Processors/Story/SignalProcessor.cs'; 'Subnautica.Client/Synchronizations/Processors/Story/TriggerProcessor.cs'; 'Subnautica.Client/Synchronizations/Processors/Technology/AddedProcessor.cs'; 'Subnautica.Client/Synchronizations/Processors/Technology/FragmentAddedProcessor.cs'; 'Subnautica.Client/Synchronizations/Processors/Technology/ScannerCompletedProcessor.cs'; 'Subnautica.Client/Synchronizations/Processors/Vehicle/BatteryProcessor.cs'; 'Subnautica.Client/Synchronizations/Processors/Vehicle/Components/Exosuit.cs'; 'Subnautica.Client/Synchronizations/Processors/Vehicle/Components/Hoverbike.cs'; 'Subnautica.Client/Synchronizations/Processors/Vehicle/Components/SpyPenguin.cs'; 'Subnautica.Client/Synchronizations/Processors/Vehicle/EnterProcessor.cs'; 'Subnautica.Client/Synchronizations/Processors/Vehicle/ExitProcessor.cs'; 'Subnautica.Client/Synchronizations/Processors/Vehicle/ExosuitDrillProcessor.cs'; 'Subnautica.Client/Synchronizations/Processors/Vehicle/ExosuitJumpProcessor.cs'; 'Subnautica.Client/Synchronizations/Processors/Vehicle/ExosuitStorageProcessor.cs'; 'Subnautica.Client/Synchronizations/Processors/Vehicle/HealthProcessor.cs'; 'Subnautica.Client/Synchronizations/Processors/Vehicle/InteriorProcessor.cs'; 'Subnautica.Client/Synchronizations/Processors/Vehicle/LightProcessor.cs'; 'Subnautica.Client/Synchronizations/Processors/Vehicle/SeaTruckAquariumModuleProcessor.cs'; 'Subnautica.Client/Synchronizations/Processors/Vehicle/SeaTruckConnectionProcessor.cs'; 'Subnautica.Client/Synchronizations/Processors/Vehicle/SeaTruckDockingModuleProcessor.cs'; 'Subnautica.Client/Synchronizations/Processors/Vehicle/SeaTruckFabricatorModuleProcessor.cs'; 'Subnautica.Client/Synchronizations/Processors/Vehicle/SeaTruckSleeperModuleProcessor.cs'; 'Subnautica.Client/Synchronizations/Processors/Vehicle/SeaTruckStorageModuleProcessor.cs'; 'Subnautica.Client/Synchronizations/Processors/Vehicle/UpdatedProcessor.cs'; 'Subnautica.Client/Synchronizations/Processors/Vehicle/UpgradeConsoleProcessor.cs'; 'Subnautica.Client/Synchronizations/Processors/World/BaseCellWaterLevelProcessor.cs'; 'Subnautica.Client/Synchronizations/Processors/World/BaseMapRoomTransmissionProcessor.cs'; 'Subnautica.Client/Synchronizations/Processors/World/BatteryChargingProcessor.cs'; 'Subnautica.Client/Synchronizations/Processors/World/BrinicleProcessor.cs'; 'Subnautica.Client/Synchronizations/Processors/World/CellProcessor.cs'; 'Subnautica.Client/Synchronizations/Processors/World/CosmeticItemProcessor.cs'; 'Subnautica.Client/Synchronizations/Processors/World/EnergyMixinTransmissionProcessor.cs'; 'Subnautica.Client/Synchronizations/Processors/World/EnergyProductionProcessor.cs'; 'Subnautica.Client/Synchronizations/Processors/World/EnergyTransmission/VehicleEnergyTransmission.cs'; 'Subnautica.Client/Synchronizations/Processors/World/EntitySlotSpawnProcessor.cs'; 'Subnautica.Client/Synchronizations/Processors/World/EntitySpawnProcessor.cs'; 'Subnautica.Client/Synchronizations/Processors/World/FiltrationMachineTransmissionProcessor.cs'; 'Subnautica.Client/Synchronizations/Processors/World/HoverpadChargeProcessor.cs'; 'Subnautica.Client/Synchronizations/Processors/World/PrecursorTeleporterProcessor.cs'; 'Subnautica.Client/Synchronizations/Processors/World/SleepTimeSkipProcessor.cs'; 'Subnautica.Client/Synchronizations/Processors/World/SpawnOnKillProcessor.cs'; 'Subnautica.Client/Synchronizations/Processors/World/VehicleRepairProcessor.cs'; 'Subnautica.Client/Synchronizations/Processors/World/WeatherProcessor.cs'; 'Subnautica.Client/Synchronizations/Processors/World/WelderProcessor.cs'; 'Subnautica.Client/Synchronizations/Processors/World/WorldCreatureActionProcessor.cs'; 'Subnautica.Client/Synchronizations/Processors/World/WorldDynamicEntityOwnershipChangedProcessor.cs'; 'Subnautica.Client/Synchronizations/Processors/World/WorldDynamicEntityPositionProcessor.cs'; 'Subnautica.Client/Synchronizations/Processors/WorldEntities/BulkheadDoorProcessor.cs'; 'Subnautica.Client/Synchronizations/Processors/WorldEntities/DataboxProcessor.cs'; 'Subnautica.Client/Synchronizations/Processors/WorldEntities/DestroyableDynamicEntityProcessor.cs'; 'Subnautica.Client/Synchronizations/Processors/WorldEntities/DestroyableEntityProcessor.cs'; 'Subnautica.Client/Synchronizations/Processors/WorldEntities/DrillableProcessor.cs'; 'Subnautica.Client/Synchronizations/Processors/WorldEntities/DynamicEntities/BaseWaterParkProcessor.cs'; 'Subnautica.Client/Synchronizations/Processors/WorldEntities/DynamicEntities/BeaconProcessor.cs'; 'Subnautica.Client/Synchronizations/Processors/WorldEntities/DynamicEntities/ConstructorProcessor.cs'; 'Subnautica.Client/Synchronizations/Processors/WorldEntities/DynamicEntities/ExosuitProcessor.cs'; 'Subnautica.Client/Synchronizations/Processors/WorldEntities/DynamicEntities/FlareProcessor.cs'; 'Subnautica.Client/Synchronizations/Processors/WorldEntities/DynamicEntities/HoverbikeProcessor.cs'; 'Subnautica.Client/Synchronizations/Processors/WorldEntities/DynamicEntities/LEDLightProcessor.cs'; 'Subnautica.Client/Synchronizations/Processors/WorldEntities/DynamicEntities/MapRoomCameraProcessor.cs'; 'Subnautica.Client/Synchronizations/Processors/WorldEntities/DynamicEntities/PipeSurfaceFloaterProcessor.cs'; 'Subnautica.Client/Synchronizations/Processors/WorldEntities/DynamicEntities/QuantumLockerProcessor.cs'; 'Subnautica.Client/Synchronizations/Processors/WorldEntities/DynamicEntities/SeaTruckAquariumModuleProcessor.cs'; 'Subnautica.Client/Synchronizations/Processors/WorldEntities/DynamicEntities/SeaTruckDockingModuleProcessor.cs'; 'Subnautica.Client/Synchronizations/Processors/WorldEntities/DynamicEntities/SeaTruckFabricatorModuleProcessor.cs'; 'Subnautica.Client/Synchronizations/Processors/WorldEntities/DynamicEntities/SeaTruckProcessor.cs'; 'Subnautica.Client/Synchronizations/Processors/WorldEntities/DynamicEntities/SeaTruckSleeperModuleProcessor.cs'; 'Subnautica.Client/Synchronizations/Processors/WorldEntities/DynamicEntities/SeaTruckStorageModuleProcessor.cs'; 'Subnautica.Client/Synchronizations/Processors/WorldEntities/DynamicEntities/SeaTruckTeleportationModuleProcessor.cs'; 'Subnautica.Client/Synchronizations/Processors/WorldEntities/DynamicEntities/SmallStorageProcessor.cs'; 'Subnautica.Client/Synchronizations/Processors/WorldEntities/DynamicEntities/SpyPenguinProcessor.cs'; 'Subnautica.Client/Synchronizations/Processors/WorldEntities/DynamicEntities/ThumperProcessor.cs'; 'Subnautica.Client/Synchronizations/Processors/WorldEntities/ElevatorProcessor.cs'; 'Subnautica.Client/Synchronizations/Processors/WorldEntities/EntityScannerProcessor.cs'; 'Subnautica.Client/Synchronizations/Processors/WorldEntities/FruitHarvestProcessor.cs'; 'Subnautica.Client/Synchronizations/Processors/WorldEntities/LaserCutterProcessor.cs'; 'Subnautica.Client/Synchronizations/Processors/WorldEntities/OxygenPlantProcessor.cs'; 'Subnautica.Client/Synchronizations/Processors/WorldEntities/StaticEntityProcessor.cs'; 'Subnautica.Client/Synchronizations/Processors/WorldEntities/SupplyCrateProcessor.cs'; 'Subnautica.Client/Synchronizations/Processors/WorldEntities/ThermalLilyProcessor.cs'; 'Subnautica.Client/Synchronizations/Processors/WorldEntities/WorldEntityActionProcessor.cs'; 'Subnautica.Events/EventArgs/AlterraPdaPickedUpEventArgs.cs'; 'Subnautica.Events/EventArgs/AquariumDataChangedEventArgs.cs'; 'Subnautica.Events/EventArgs/AromatherapyLampSwitchToggleEventArgs.cs'; 'Subnautica.Events/EventArgs/BaseControlRoomCellPowerChangingEventArgs.cs'; 'Subnautica.Events/EventArgs/BaseControlRoomMinimapExitingEventArgs.cs'; 'Subnautica.Events/EventArgs/BaseControlRoomMinimapMovingEventArgs.cs'; 'Subnautica.Events/EventArgs/BaseControlRoomMinimapUsingEventArgs.cs'; 'Subnautica.Events/EventArgs/BaseHullStrengthCrushingEventArgs.cs'; 'Subnautica.Events/EventArgs/BaseMapRoomInitializedEventArgs.cs'; 'Subnautica.Events/EventArgs/BaseMapRoomResourceDiscoveringEventArgs.cs'; 'Subnautica.Events/EventArgs/BaseMapRoomScanStartingEventArgs.cs'; 'Subnautica.Events/EventArgs/BaseMapRoomScanStoppingEventArgs.cs'; 'Subnautica.Events/EventArgs/BaseMoonpoolExpansionDockingTimelineCompletingEventArgs.cs'; 'Subnautica.Events/EventArgs/BaseMoonpoolExpansionDockTailEventArgs.cs'; 'Subnautica.Events/EventArgs/BaseMoonpoolExpansionUndockingTimelineCompletingEventArgs.cs'; 'Subnautica.Events/EventArgs/BaseMoonpoolExpansionUndockTailEventArgs.cs'; 'Subnautica.Events/EventArgs/BeaconDeployingEventArgs.cs'; 'Subnautica.Events/EventArgs/BeaconLabelChangedEventArgs.cs'; 'Subnautica.Events/EventArgs/BedEnterInUseModeEventArgs.cs'; 'Subnautica.Events/EventArgs/BedExitInUseModeEventArgs.cs'; 'Subnautica.Events/EventArgs/BedIsCanSleepCheckingEventArgs.cs'; 'Subnautica.Events/EventArgs/BenchSitdownEventArgs.cs'; 'Subnautica.Events/EventArgs/BenchStandupEventArgs.cs'; 'Subnautica.Events/EventArgs/BreakableResourceBreakingEventArgs.cs'; 'Subnautica.Events/EventArgs/BridgeFluidClickingEventArgs.cs'; 'Subnautica.Events/EventArgs/BridgeInitializedEventArgs.cs'; 'Subnautica.Events/EventArgs/BridgeTerminalClickingEventArgs.cs'; 'Subnautica.Events/EventArgs/BulkheadClosingEventArgs.cs'; 'Subnautica.Events/EventArgs/BulkheadOpeningEventArgs.cs'; 'Subnautica.Events/EventArgs/CellLoadingEventArgs.cs'; 'Subnautica.Events/EventArgs/CellUnLoadingEventArgs.cs'; 'Subnautica.Events/EventArgs/ChargerItemAddedEventArgs.cs'; 'Subnautica.Events/EventArgs/ChargerItemRemovedEventArgs.cs'; 'Subnautica.Events/EventArgs/ChargerOpeningEventArgs.cs'; 'Subnautica.Events/EventArgs/CinematicTriggeringEventArgs.cs'; 'Subnautica.Events/EventArgs/ConstructionAmountChangedEventArgs.cs'; 'Subnautica.Events/EventArgs/ConstructionCompletedEventArgs.cs'; 'Subnautica.Events/EventArgs/ConstructionGhostMovedEventArgs.cs'; 'Subnautica.Events/EventArgs/ConstructionGhostTryPlacingEventArgs.cs'; 'Subnautica.Events/EventArgs/ConstructionRemovedEventArgs.cs'; 'Subnautica.Events/EventArgs/ConstructorCraftingEventArgs.cs'; 'Subnautica.Events/EventArgs/ConstructorDeployingEventArgs.cs'; 'Subnautica.Events/EventArgs/ConstructorEngageToggleEventArgs.cs'; 'Subnautica.Events/EventArgs/CosmeticItemPlacingEventArgs.cs'; 'Subnautica.Events/EventArgs/CrafterBeginEventArgs.cs'; 'Subnautica.Events/EventArgs/CrafterClosedEventArgs.cs'; 'Subnautica.Events/EventArgs/CrafterEndedEventArgs.cs'; 'Subnautica.Events/EventArgs/CrafterItemPickupEventArgs.cs'; 'Subnautica.Events/EventArgs/CrafterOpeningEventArgs.cs'; 'Subnautica.Events/EventArgs/CrashFishInflatingEventArgs.cs'; 'Subnautica.Events/EventArgs/CreatureAnimationChangedEventArgs.cs'; 'Subnautica.Events/EventArgs/CreatureAttackLastTargetStartingEventArgs.cs'; 'Subnautica.Events/EventArgs/CreatureAttackLastTargetStoppedEventArgs.cs'; 'Subnautica.Events/EventArgs/CreatureCallSoundTriggeringEventArgs.cs'; 'Subnautica.Events/EventArgs/CreatureDisabledEventArgs.cs'; 'Subnautica.Events/EventArgs/CreatureEnabledEventArgs.cs'; 'Subnautica.Events/EventArgs/CreatureFreezingEventArgs.cs'; 'Subnautica.Events/EventArgs/CreatureLeviathanMeleeAttackingEventArgs.cs'; 'Subnautica.Events/EventArgs/CreatureMeleeAttackingEventArgs.cs'; 'Subnautica.Events/EventArgs/CrushDamagingEventArgs.cs'; 'Subnautica.Events/EventArgs/DataboxItemPickedUpEventArgs.cs'; 'Subnautica.Events/EventArgs/DeconstructionBeginEventArgs.cs'; 'Subnautica.Events/EventArgs/DeployableStorageDeployingEventArgs.cs'; 'Subnautica.Events/EventArgs/DroneCameraDeployingEventArgs.cs'; 'Subnautica.Events/EventArgs/ElevatorCallingEventArgs.cs'; 'Subnautica.Events/EventArgs/ElevatorInitializedEventArgs.cs'; 'Subnautica.Events/EventArgs/EmmanuelPendulumSwitchToggleEventArgs.cs'; 'Subnautica.Events/EventArgs/EncyclopediaAddedEventArgs.cs'; 'Subnautica.Events/EventArgs/EnergyMixinClickingEventArgs.cs'; 'Subnautica.Events/EventArgs/EnergyMixinClosedEventArgs.cs'; 'Subnautica.Events/EventArgs/EnergyMixinSelectingEventArgs.cs'; 'Subnautica.Events/EventArgs/EntityScannerCompletedEventArgs.cs'; 'Subnautica.Events/EventArgs/EntitySlotSpawningEventArgs.cs'; 'Subnautica.Events/EventArgs/EntitySpawnedEventArgs.cs'; 'Subnautica.Events/EventArgs/EntitySpawningEventArgs.cs'; 'Subnautica.Events/EventArgs/ExosuitDrillingEventArgs.cs'; 'Subnautica.Events/EventArgs/ExosuitItemPickedUpEventArgs.cs'; 'Subnautica.Events/EventArgs/ExosuitJumpingEventArgs.cs'; 'Subnautica.Events/EventArgs/FiltrationMachineOpeningEventArgs.cs'; 'Subnautica.Events/EventArgs/FlareDeployingEventArgs.cs'; 'Subnautica.Events/EventArgs/FruitHarvestingEventArgs.cs'; 'Subnautica.Events/EventArgs/FurnitureDeconstructionBeginEventArgs.cs'; 'Subnautica.Events/EventArgs/GlowWhaleEyeCinematicStartingEventArgs.cs'; 'Subnautica.Events/EventArgs/GlowWhaleRideStartingEventArgs.cs'; 'Subnautica.Events/EventArgs/GlowWhaleRideStopedEventArgs.cs'; 'Subnautica.Events/EventArgs/GlowWhaleSFXTriggeredEventArgs.cs'; 'Subnautica.Events/EventArgs/GrownPlantHarvestingEventArgs.cs'; 'Subnautica.Events/EventArgs/HoverbikeDeployingEventArgs.cs'; 'Subnautica.Events/EventArgs/HoverpadDockingEventArgs.cs'; 'Subnautica.Events/EventArgs/HoverpadHoverbikeSpawningEventArgs.cs'; 'Subnautica.Events/EventArgs/HoverpadShowroomTriggeringEventArgs.cs'; 'Subnautica.Events/EventArgs/HoverpadUnDockingEventArgs.cs'; 'Subnautica.Events/EventArgs/InGameMenuClosedEventArgs.cs'; 'Subnautica.Events/EventArgs/InGameMenuClosingEventArgs.cs'; 'Subnautica.Events/EventArgs/InGameMenuOpenedEventArgs.cs'; 'Subnautica.Events/EventArgs/InGameMenuOpeningEventArgs.cs'; 'Subnautica.Events/EventArgs/IntroCheckingEventArgs.cs'; 'Subnautica.Events/EventArgs/InventoryItemAddedEventArgs.cs'; 'Subnautica.Events/EventArgs/InventoryItemRemovedEventArgs.cs'; 'Subnautica.Events/EventArgs/ItemActionStartedEventArgs.cs'; 'Subnautica.Events/EventArgs/ItemDrawedEventArgs.cs'; 'Subnautica.Events/EventArgs/ItemFirstUseAnimationStopedEventArgs.cs'; 'Subnautica.Events/EventArgs/JukeboxDiskAddedEventArgs.cs'; 'Subnautica.Events/EventArgs/JukeboxDiskPickedUpEventArgs.cs'; 'Subnautica.Events/EventArgs/JukeboxUsedEventArgs.cs'; 'Subnautica.Events/EventArgs/KnifeUsingEventArgs.cs'; 'Subnautica.Events/EventArgs/LaserCutterEventArgs.cs'; 'Subnautica.Events/EventArgs/LEDLightDeployingEventArgs.cs'; 'Subnautica.Events/EventArgs/LifepodInterpolationEventArgs.cs'; 'Subnautica.Events/EventArgs/LifepodZoneCheckEventArgs.cs'; 'Subnautica.Events/EventArgs/LifepodZoneSelectingEventArgs.cs'; 'Subnautica.Events/EventArgs/LightChangedEventArgs.cs'; 'Subnautica.Events/EventArgs/LilyPaddlerHypnotizeStartingEventArgs.cs'; 'Subnautica.Events/EventArgs/MapRoomCameraChangingEventArgs.cs'; 'Subnautica.Events/EventArgs/MapRoomCameraDockingEventArgs.cs'; 'Subnautica.Events/EventArgs/MenuSaveCancelDeleteButtonClickingEventArgs.cs'; 'Subnautica.Events/EventArgs/MenuSaveDeleteButtonClickingEventArgs.cs'; 'Subnautica.Events/EventArgs/MenuSaveLoadButtonClickingEventArgs.cs'; 'Subnautica.Events/EventArgs/MenuSaveUpdateLoadedButtonStateEventArgs.cs'; 'Subnautica.Events/EventArgs/MobileExtractorConsoleUsingEventArgs.cs'; 'Subnautica.Events/EventArgs/MobileExtractorMachineSampleAddingEventArgs.cs'; 'Subnautica.Events/EventArgs/NotificationToggleEventArgs.cs'; 'Subnautica.Events/EventArgs/NuclearReactorItemAddedEventArgs.cs'; 'Subnautica.Events/EventArgs/NuclearReactorItemRemovedEventArgs.cs'; 'Subnautica.Events/EventArgs/OxygenPipePlacingEventArgs.cs'; 'Subnautica.Events/EventArgs/OxygenPlantClickingEventArgs.cs'; 'Subnautica.Events/EventArgs/PDAClosingEventArgs.cs'; 'Subnautica.Events/EventArgs/PDALogAddedEventArgs.cs'; 'Subnautica.Events/EventArgs/PictureFrameImageSelectingEventArgs.cs'; 'Subnautica.Events/EventArgs/PictureFrameOpeningEventArgs.cs'; 'Subnautica.Events/EventArgs/PipeSurfaceFloaterDeployingEventArgs.cs'; 'Subnautica.Events/EventArgs/PlanterGrownedEventArgs.cs'; 'Subnautica.Events/EventArgs/PlanterItemAddedEventArgs.cs'; 'Subnautica.Events/EventArgs/PlanterProgressCompletedEventArgs.cs'; 'Subnautica.Events/EventArgs/PlayerAnimationChangedEventArgs.cs'; 'Subnautica.Events/EventArgs/PlayerBaseEnteredEventArgs.cs'; 'Subnautica.Events/EventArgs/PlayerBaseExitedEventArgs.cs'; 'Subnautica.Events/EventArgs/PlayerClimbingEventArgs.cs'; 'Subnautica.Events/EventArgs/PlayerDeadEventArgs.cs'; 'Subnautica.Events/EventArgs/PlayerEnteredInteriorEventArgs.cs'; 'Subnautica.Events/EventArgs/PlayerExitedInteriorEventArgs.cs'; 'Subnautica.Events/EventArgs/PlayerFreezedEventArgs.cs'; 'Subnautica.Events/EventArgs/PlayerItemDropingEventArgs.cs'; 'Subnautica.Events/EventArgs/PlayerItemPickedUpEventArgs.cs'; 'Subnautica.Events/EventArgs/PlayerPingColorChangedEventArgs.cs'; 'Subnautica.Events/EventArgs/PlayerPingVisibilityChangedEventArgs.cs'; 'Subnautica.Events/EventArgs/PlayerRespawnPointChangedEventArgs.cs'; 'Subnautica.Events/EventArgs/PlayerStatsUpdatedEventArgs.cs'; 'Subnautica.Events/EventArgs/PlayerUpdatedEventArgs.cs'; 'Subnautica.Events/EventArgs/PlayerUsingCommandEventArgs.cs'; 'Subnautica.Events/EventArgs/PowerSourceAddingEventArgs.cs'; 'Subnautica.Events/EventArgs/PowerSourceRemovingEventArgs.cs'; 'Subnautica.Events/EventArgs/QuickSlotActiveChangedEventArgs.cs'; 'Subnautica.Events/EventArgs/QuittingToMainMenuEventArgs.cs'; 'Subnautica.Events/EventArgs/RadioTowerTOMUsingEventArgs.cs'; 'Subnautica.Events/EventArgs/RecyclotronRecycleEventArgs.cs'; 'Subnautica.Events/EventArgs/ScannerCompletedEventArgs.cs'; 'Subnautica.Events/EventArgs/ScannerUsingEventArgs.cs'; 'Subnautica.Events/EventArgs/SceneLoadedEventArgs.cs'; 'Subnautica.Events/EventArgs/ScreenshotsRemovedEventArgs.cs'; 'Subnautica.Events/EventArgs/SealedInitializedEventArgs.cs'; 'Subnautica.Events/EventArgs/SeaTruckConnectingEventArgs.cs'; 'Subnautica.Events/EventArgs/SeaTruckDetachingEventArgs.cs'; 'Subnautica.Events/EventArgs/SeaTruckModuleInitializedEventArgs.cs'; 'Subnautica.Events/EventArgs/SeaTruckPictureFrameImageSelectingEventArgs.cs'; 'Subnautica.Events/EventArgs/SeaTruckPictureFrameOpeningEventArgs.cs'; 'Subnautica.Events/EventArgs/SettingsPdaGamePauseChangingEventArgs.cs'; 'Subnautica.Events/EventArgs/SettingsRunInBackgroundChangingEventArgs.cs'; 'Subnautica.Events/EventArgs/ShieldBaseEnterTriggeringEventArgs.cs'; 'Subnautica.Events/EventArgs/ShowerSwitchToggleEventArgs.cs'; 'Subnautica.Events/EventArgs/SignDataChangedEventArgs.cs'; 'Subnautica.Events/EventArgs/SignDeselectEventArgs.cs'; 'Subnautica.Events/EventArgs/SignSelectEventArgs.cs'; 'Subnautica.Events/EventArgs/SinkSwitchToggleEventArgs.cs'; 'Subnautica.Events/EventArgs/SmallStoveSwitchToggleEventArgs.cs'; 'Subnautica.Events/EventArgs/SnowmanDestroyingEventArgs.cs'; 'Subnautica.Events/EventArgs/SpawnOnKillingEventArgs.cs'; 'Subnautica.Events/EventArgs/SpotLightInitializedEventArgs.cs'; 'Subnautica.Events/EventArgs/SpyPenguinDeployingEventArgs.cs'; 'Subnautica.Events/EventArgs/SpyPenguinItemGrabingEventArgs.cs'; 'Subnautica.Events/EventArgs/SpyPenguinItemPickedUpEventArgs.cs'; 'Subnautica.Events/EventArgs/SpyPenguinSnowStalkerInteractingEventArgs.cs'; 'Subnautica.Events/EventArgs/StorageItemAddedEventArgs.cs'; 'Subnautica.Events/EventArgs/StorageItemAddingEventArgs.cs'; 'Subnautica.Events/EventArgs/StorageItemRemovedEventArgs.cs'; 'Subnautica.Events/EventArgs/StorageItemRemovingEventArgs.cs'; 'Subnautica.Events/EventArgs/StorageOpeningEventArgs.cs'; 'Subnautica.Events/EventArgs/StoryCallingEventArgs.cs'; 'Subnautica.Events/EventArgs/StoryCinematicCompletedEventArgs.cs'; 'Subnautica.Events/EventArgs/StoryCinematicStartedEventArgs.cs'; 'Subnautica.Events/EventArgs/StoryGoalTriggeringEventArgs.cs'; 'Subnautica.Events/EventArgs/StoryHandClickingEventArgs.cs'; 'Subnautica.Events/EventArgs/StorySignalSpawningEventArgs.cs'; 'Subnautica.Events/EventArgs/SubNameInputDeselectedEventArgs.cs'; 'Subnautica.Events/EventArgs/SubNameInputSelectingEventArgs.cs'; 'Subnautica.Events/EventArgs/SupplyCrateOpenedEventArgs.cs'; 'Subnautica.Events/EventArgs/TakeDamagingEventArgs.cs'; 'Subnautica.Events/EventArgs/TechAnalyzeAddedEventArgs.cs'; 'Subnautica.Events/EventArgs/TechLightInitializedEventArgs.cs'; 'Subnautica.Events/EventArgs/TechnologyAddedEventArgs.cs'; 'Subnautica.Events/EventArgs/TechnologyFragmentAddedEventArgs.cs'; 'Subnautica.Events/EventArgs/TeleportationToolUsedEventArgs.cs'; 'Subnautica.Events/EventArgs/TeleporterInitializedEventArgs.cs'; 'Subnautica.Events/EventArgs/TeleporterTerminalActivatingEventArgs.cs'; 'Subnautica.Events/EventArgs/ThermalLilyAnimationAnglesCheckingEventArgs.cs'; 'Subnautica.Events/EventArgs/ThermalLilyRangeCheckingEventArgs.cs'; 'Subnautica.Events/EventArgs/ThumperDeployingEventArgs.cs'; 'Subnautica.Events/EventArgs/ToiletSwitchToggleEventArgs.cs'; 'Subnautica.Events/EventArgs/ToolBatteryEnergyChangedEventArgs.cs'; 'Subnautica.Events/EventArgs/UpgradeConsoleModuleAddedEventArgs.cs'; 'Subnautica.Events/EventArgs/UpgradeConsoleModuleRemovedEventArgs.cs'; 'Subnautica.Events/EventArgs/UpgradeConsoleOpeningEventArgs.cs'; 'Subnautica.Events/EventArgs/UseableDiveHatchClickingEventArgs.cs'; 'Subnautica.Events/EventArgs/VehicleDockingEventArgs.cs'; 'Subnautica.Events/EventArgs/VehicleEnteringEventArgs.cs'; 'Subnautica.Events/EventArgs/VehicleExitedEventArgs.cs'; 'Subnautica.Events/EventArgs/VehicleInteriorToggleEventArgs.cs'; 'Subnautica.Events/EventArgs/VehicleUndockingEventArgs.cs'; 'Subnautica.Events/EventArgs/VehicleUpdatedEventArgs.cs'; 'Subnautica.Events/EventArgs/WeatherProfileChangedEventArgs.cs'; 'Subnautica.Events/EventArgs/WeldingEventArgs.cs'; 'Subnautica.Events/EventArgs/WorldLoadedEventArgs.cs'; 'Subnautica.Events/EventArgs/WorldLoadingEventArgs.cs'; 'Subnautica.Events/Handlers/Building.cs'; 'Subnautica.Events/Handlers/Creatures.cs'; 'Subnautica.Events/Handlers/Furnitures.cs'; 'Subnautica.Events/Handlers/Game.cs'; 'Subnautica.Events/Handlers/Inventory.cs'; 'Subnautica.Events/Handlers/Items.cs'; 'Subnautica.Events/Handlers/PDA.cs'; 'Subnautica.Events/Handlers/Player.cs'; 'Subnautica.Events/Handlers/Storage.cs'; 'Subnautica.Events/Handlers/Story.cs'; 'Subnautica.Events/Handlers/Vehicle.cs'; 'Subnautica.Events/Handlers/World.cs'; 'Subnautica.Events/Main.cs'; 'Subnautica.Events/Patches/Events/Building/BaseHullStrengthCrushing.cs'; 'Subnautica.Events/Patches/Events/Building/ConstructionAmountChanged.cs'; 'Subnautica.Events/Patches/Events/Building/ConstructionCompleted.cs'; 'Subnautica.Events/Patches/Events/Building/ConstructionGhostMoved.cs'; 'Subnautica.Events/Patches/Events/Building/ConstructionGhostTryPlacing.cs'; 'Subnautica.Events/Patches/Events/Building/ConstructionRemoved.cs'; 'Subnautica.Events/Patches/Events/Building/DeconstructionBegin.cs'; 'Subnautica.Events/Patches/Events/Building/FurnitureDeconstructionBegin.cs'; 'Subnautica.Events/Patches/Events/Creatures/AnimationChanged.cs'; 'Subnautica.Events/Patches/Events/Creatures/AttackLastTargetStarting.cs'; 'Subnautica.Events/Patches/Events/Creatures/AttackLastTargetStopped.cs'; 'Subnautica.Events/Patches/Events/Creatures/CallSoundTriggering.cs'; 'Subnautica.Events/Patches/Events/Creatures/CrashFishInflating.cs'; 'Subnautica.Events/Patches/Events/Creatures/Disabled.cs'; 'Subnautica.Events/Patches/Events/Creatures/Enabled.cs'; 'Subnautica.Events/Patches/Events/Creatures/Freezing.cs'; 'Subnautica.Events/Patches/Events/Creatures/GlowWhaleEyeCinematicStarting.cs'; 'Subnautica.Events/Patches/Events/Creatures/GlowWhaleRideStarting.cs'; 'Subnautica.Events/Patches/Events/Creatures/GlowWhaleRideStoped.cs'; 'Subnautica.Events/Patches/Events/Creatures/GlowWhaleSFXTriggered.cs'; 'Subnautica.Events/Patches/Events/Creatures/LeviathanMeleeAttacking.cs'; 'Subnautica.Events/Patches/Events/Creatures/LilyPaddlerHypnotizeStarting.cs'; 'Subnautica.Events/Patches/Events/Creatures/MeleeAttacking.cs'; 'Subnautica.Events/Patches/Events/Furnitures/AquariumDataChanged.cs'; 'Subnautica.Events/Patches/Events/Furnitures/BaseControlRoomCellPowerChanging.cs'; 'Subnautica.Events/Patches/Events/Furnitures/BaseControlRoomMinimapExiting.cs'; 'Subnautica.Events/Patches/Events/Furnitures/BaseControlRoomMinimapMoving.cs'; 'Subnautica.Events/Patches/Events/Furnitures/BaseControlRoomMinimapUsing.cs'; 'Subnautica.Events/Patches/Events/Furnitures/BaseMapRoomCameraChanging.cs'; 'Subnautica.Events/Patches/Events/Furnitures/BaseMapRoomInitialized.cs'; 'Subnautica.Events/Patches/Events/Furnitures/BaseMapRoomResourceDiscovering.cs'; 'Subnautica.Events/Patches/Events/Furnitures/BaseMapRoomScanStarting.cs'; 'Subnautica.Events/Patches/Events/Furnitures/BaseMapRoomScanStopping.cs'; 'Subnautica.Events/Patches/Events/Furnitures/BaseMoonpoolExpansionDockingTimelineCompleting.cs'; 'Subnautica.Events/Patches/Events/Furnitures/BaseMoonpoolExpansionTail.cs'; 'Subnautica.Events/Patches/Events/Furnitures/BaseMoonpoolExpansionUndockingTimelineCompleting.cs'; 'Subnautica.Events/Patches/Events/Furnitures/BedEnterInUseMode.cs'; 'Subnautica.Events/Patches/Events/Furnitures/BedExitInUseMode.cs'; 'Subnautica.Events/Patches/Events/Furnitures/BedIsCanSleepChecking.cs'; 'Subnautica.Events/Patches/Events/Furnitures/BenchSitdown.cs'; 'Subnautica.Events/Patches/Events/Furnitures/BenchStandup.cs'; 'Subnautica.Events/Patches/Events/Furnitures/BioReactorOpening.cs'; 'Subnautica.Events/Patches/Events/Furnitures/BulkheadOpening.cs'; 'Subnautica.Events/Patches/Events/Furnitures/ChargerOpening.cs'; 'Subnautica.Events/Patches/Events/Furnitures/CrafterBegin.cs'; 'Subnautica.Events/Patches/Events/Furnitures/CrafterClosed.cs'; 'Subnautica.Events/Patches/Events/Furnitures/CrafterOpening.cs'; 'Subnautica.Events/Patches/Events/Furnitures/FiltrationMachineOpening.cs'; 'Subnautica.Events/Patches/Events/Furnitures/HoverpadDocking.cs'; 'Subnautica.Events/Patches/Events/Furnitures/HoverpadHoverbikeSpawning.cs'; 'Subnautica.Events/Patches/Events/Furnitures/HoverpadShowroomTriggering.cs'; 'Subnautica.Events/Patches/Events/Furnitures/HoverpadTooltipChanged.cs'; 'Subnautica.Events/Patches/Events/Furnitures/HoverpadUnDocking.cs'; 'Subnautica.Events/Patches/Events/Furnitures/JukeboxUsed.cs'; 'Subnautica.Events/Patches/Events/Furnitures/NuclearReactorOpening.cs'; 'Subnautica.Events/Patches/Events/Furnitures/PictureFrameImageSelecting.cs'; 'Subnautica.Events/Patches/Events/Furnitures/PictureFrameOpening.cs'; 'Subnautica.Events/Patches/Events/Furnitures/PlanterGrowned.cs'; 'Subnautica.Events/Patches/Events/Furnitures/PlanterItemAdded.cs'; 'Subnautica.Events/Patches/Events/Furnitures/PlanterProgressCompleted.cs'; 'Subnautica.Events/Patches/Events/Furnitures/RecyclotronRecycle.cs'; 'Subnautica.Events/Patches/Events/Furnitures/SignDataChanged.cs'; 'Subnautica.Events/Patches/Events/Furnitures/SnowmanDestroying.cs'; 'Subnautica.Events/Patches/Events/Furnitures/SpotLightInitialized.cs'; 'Subnautica.Events/Patches/Events/Furnitures/TechLightInitialized.cs'; 'Subnautica.Events/Patches/Events/Furnitures/ToggleOnClick.cs'; 'Subnautica.Events/Patches/Events/Game/EntityDistributionLoaded.cs'; 'Subnautica.Events/Patches/Events/Game/InGameMenuClosed.cs'; 'Subnautica.Events/Patches/Events/Game/InGameMenuClosing.cs'; 'Subnautica.Events/Patches/Events/Game/InGameMenuOpened.cs'; 'Subnautica.Events/Patches/Events/Game/InGameMenuOpening.cs'; 'Subnautica.Events/Patches/Events/Game/IntroChecking.cs'; 'Subnautica.Events/Patches/Events/Game/LifepodInterpolation.cs'; 'Subnautica.Events/Patches/Events/Game/LifepodZoneCheck.cs'; 'Subnautica.Events/Patches/Events/Game/LifepodZoneSelecting.cs'; 'Subnautica.Events/Patches/Events/Game/MenuSaveCancelDeleteButtonClicking.cs'; 'Subnautica.Events/Patches/Events/Game/MenuSaveDeleteButtonClicking.cs'; 'Subnautica.Events/Patches/Events/Game/MenuSaveLoadButtonClicking.cs'; 'Subnautica.Events/Patches/Events/Game/MenuSaveUpdateLoadedButtonState.cs'; 'Subnautica.Events/Patches/Events/Game/PowerSourceAdding.cs'; 'Subnautica.Events/Patches/Events/Game/PowerSourceRemoving.cs'; 'Subnautica.Events/Patches/Events/Game/Quitting.cs'; 'Subnautica.Events/Patches/Events/Game/QuittingToMainMenu.cs'; 'Subnautica.Events/Patches/Events/Game/SceneLoaded.cs'; 'Subnautica.Events/Patches/Events/Game/ScreenshotsRemoved.cs'; 'Subnautica.Events/Patches/Events/Game/SettingsPdaGamePauseChanging.cs'; 'Subnautica.Events/Patches/Events/Game/SettingsRunInBackgroundChanging.cs'; 'Subnautica.Events/Patches/Events/Game/SubNameInputDeselected.cs'; 'Subnautica.Events/Patches/Events/Game/SubNameInputSelecting.cs'; 'Subnautica.Events/Patches/Events/Game/WorldLoading.cs'; 'Subnautica.Events/Patches/Events/Inventory/EquipmentEquiped.cs'; 'Subnautica.Events/Patches/Events/Inventory/EquipmentUnequiped.cs'; 'Subnautica.Events/Patches/Events/Inventory/ItemAdded.cs'; 'Subnautica.Events/Patches/Events/Inventory/ItemRemoved.cs'; 'Subnautica.Events/Patches/Events/Inventory/QuickSlotActiveChanged.cs'; 'Subnautica.Events/Patches/Events/Inventory/QuickSlotBinded.cs'; 'Subnautica.Events/Patches/Events/Inventory/QuickSlotUnbinded.cs'; 'Subnautica.Events/Patches/Events/Items/BeaconDeploying.cs'; 'Subnautica.Events/Patches/Events/Items/BeaconLabelChanged.cs'; 'Subnautica.Events/Patches/Events/Items/ConstructorCrafting.cs'; 'Subnautica.Events/Patches/Events/Items/ConstructorDeploying.cs'; 'Subnautica.Events/Patches/Events/Items/ConstructorEngageToggle.cs'; 'Subnautica.Events/Patches/Events/Items/DeployableStorageDeploying.cs'; 'Subnautica.Events/Patches/Events/Items/DroneCameraDeploying.cs'; 'Subnautica.Events/Patches/Events/Items/FlareDeploying.cs'; 'Subnautica.Events/Patches/Events/Items/HoverbikeDeploying.cs'; 'Subnautica.Events/Patches/Events/Items/KnifeUsing.cs'; 'Subnautica.Events/Patches/Events/Items/LEDLightDeploying.cs'; 'Subnautica.Events/Patches/Events/Items/OxygenPipePlacing.cs'; 'Subnautica.Events/Patches/Events/Items/PipeSurfaceFloaterDeploying.cs'; 'Subnautica.Events/Patches/Events/Items/ScannerUsing.cs'; 'Subnautica.Events/Patches/Events/Items/SpyPenguinDeploying.cs'; 'Subnautica.Events/Patches/Events/Items/SpyPenguinItemGrabing.cs'; 'Subnautica.Events/Patches/Events/Items/SpyPenguinItemPickedUp.cs'; 'Subnautica.Events/Patches/Events/Items/SpyPenguinSnowStalkerInteracting.cs'; 'Subnautica.Events/Patches/Events/Items/TeleportationToolUsed.cs'; 'Subnautica.Events/Patches/Events/Items/ThumperDeploying.cs'; 'Subnautica.Events/Patches/Events/Items/Welding.cs'; 'Subnautica.Events/Patches/Events/PDA/AnalyzeAdded.cs'; 'Subnautica.Events/Patches/Events/PDA/Closing.cs'; 'Subnautica.Events/Patches/Events/PDA/EncyclopediaAdded.cs'; 'Subnautica.Events/Patches/Events/PDA/ItemPinAdded.cs'; 'Subnautica.Events/Patches/Events/PDA/ItemPinMoved.cs'; 'Subnautica.Events/Patches/Events/PDA/ItemPinRemoved.cs'; 'Subnautica.Events/Patches/Events/PDA/JukeboxDiskAdded.cs'; 'Subnautica.Events/Patches/Events/PDA/LogAdded.cs'; 'Subnautica.Events/Patches/Events/PDA/NotificationToggle.cs'; 'Subnautica.Events/Patches/Events/PDA/ScannerCompleted.cs'; 'Subnautica.Events/Patches/Events/PDA/TechnologyAdded.cs'; 'Subnautica.Events/Patches/Events/PDA/TechnologyFragmentAdded.cs'; 'Subnautica.Events/Patches/Events/Player/AnimationChanged.cs'; 'Subnautica.Events/Patches/Events/Player/BreakableResourceBreaking.cs'; 'Subnautica.Events/Patches/Events/Player/Climbing.cs'; 'Subnautica.Events/Patches/Events/Player/Dead.cs'; 'Subnautica.Events/Patches/Events/Player/EnergyMixinClicking.cs'; 'Subnautica.Events/Patches/Events/Player/EnergyMixinClosed.cs'; 'Subnautica.Events/Patches/Events/Player/EnergyMixinSelecting.cs'; 'Subnautica.Events/Patches/Events/Player/EnteredInterior.cs'; 'Subnautica.Events/Patches/Events/Player/EnteredSubroot.cs'; 'Subnautica.Events/Patches/Events/Player/EntityScannerCompleted.cs'; 'Subnautica.Events/Patches/Events/Player/ExitedInterior.cs'; 'Subnautica.Events/Patches/Events/Player/ExitedSubroot.cs'; 'Subnautica.Events/Patches/Events/Player/Freezed.cs'; 'Subnautica.Events/Patches/Events/Player/ItemActionStarted.cs'; 'Subnautica.Events/Patches/Events/Player/ItemDrawed.cs'; 'Subnautica.Events/Patches/Events/Player/ItemDroping.cs'; 'Subnautica.Events/Patches/Events/Player/ItemFirstUseAnimationStoped.cs'; 'Subnautica.Events/Patches/Events/Player/ItemPickedUp.cs'; 'Subnautica.Events/Patches/Events/Player/PingColorChanged.cs'; 'Subnautica.Events/Patches/Events/Player/PingVisibilityChanged.cs'; 'Subnautica.Events/Patches/Events/Player/PrecursorTeleportationCompleted.cs'; 'Subnautica.Events/Patches/Events/Player/PrecursorTeleporterUsed.cs'; 'Subnautica.Events/Patches/Events/Player/RespawnPointChanged.cs'; 'Subnautica.Events/Patches/Events/Player/SleepScreenStartingCompleted.cs'; 'Subnautica.Events/Patches/Events/Player/SleepScreenStopingStarted.cs'; 'Subnautica.Events/Patches/Events/Player/Spawned.cs'; 'Subnautica.Events/Patches/Events/Player/StatsUpdated.cs'; 'Subnautica.Events/Patches/Events/Player/ToolBatteryEnergyChanged.cs'; 'Subnautica.Events/Patches/Events/Player/Unfreezed.cs'; 'Subnautica.Events/Patches/Events/Player/Updated.cs'; 'Subnautica.Events/Patches/Events/Player/UseableDiveHatchClicking.cs'; 'Subnautica.Events/Patches/Events/Player/UsingCommand.cs'; 'Subnautica.Events/Patches/Events/Storage/ItemToggle.cs'; 'Subnautica.Events/Patches/Events/Storage/Opening.cs'; 'Subnautica.Events/Patches/Events/Story/BridgeFluidClicking.cs'; 'Subnautica.Events/Patches/Events/Story/BridgeInitialized.cs'; 'Subnautica.Events/Patches/Events/Story/BridgeTerminalClicking.cs'; 'Subnautica.Events/Patches/Events/Story/CinematicTriggering.cs'; 'Subnautica.Events/Patches/Events/Story/MobileExtractorConsoleUsing.cs'; 'Subnautica.Events/Patches/Events/Story/MobileExtractorMachineInitialized.cs'; 'Subnautica.Events/Patches/Events/Story/MobileExtractorMachineSampleAdding.cs'; 'Subnautica.Events/Patches/Events/Story/RadioTowerTOMUsing.cs'; 'Subnautica.Events/Patches/Events/Story/ShieldBaseEnterTriggering.cs'; 'Subnautica.Events/Patches/Events/Story/StoryAlanBodyTransfering.cs'; 'Subnautica.Events/Patches/Events/Story/StoryCalling.cs'; 'Subnautica.Events/Patches/Events/Story/StoryCinematicToggle.cs'; 'Subnautica.Events/Patches/Events/Story/StoryGoalCompleted.cs'; 'Subnautica.Events/Patches/Events/Story/StoryHandClicking.cs'; 'Subnautica.Events/Patches/Events/Story/StorySignalSpawning.cs'; 'Subnautica.Events/Patches/Events/Vehicle/Docking.cs'; 'Subnautica.Events/Patches/Events/Vehicle/Entering.cs'; 'Subnautica.Events/Patches/Events/Vehicle/Exited.cs'; 'Subnautica.Events/Patches/Events/Vehicle/ExosuitDrilling.cs'; 'Subnautica.Events/Patches/Events/Vehicle/ExosuitGrapplingArm.cs'; 'Subnautica.Events/Patches/Events/Vehicle/ExosuitItemPickedUp.cs'; 'Subnautica.Events/Patches/Events/Vehicle/ExosuitJumping.cs'; 'Subnautica.Events/Patches/Events/Vehicle/InteriorToggle.cs'; 'Subnautica.Events/Patches/Events/Vehicle/LightChanged.cs'; 'Subnautica.Events/Patches/Events/Vehicle/MapRoomCameraDocking.cs'; 'Subnautica.Events/Patches/Events/Vehicle/SeaTruckConnecting.cs'; 'Subnautica.Events/Patches/Events/Vehicle/SeaTruckDetaching.cs'; 'Subnautica.Events/Patches/Events/Vehicle/SeaTruckDocking.cs'; 'Subnautica.Events/Patches/Events/Vehicle/SeaTruckModuleInitialized.cs'; 'Subnautica.Events/Patches/Events/Vehicle/SeaTruckUndocking.cs'; 'Subnautica.Events/Patches/Events/Vehicle/Undocking.cs'; 'Subnautica.Events/Patches/Events/Vehicle/Updated.cs'; 'Subnautica.Events/Patches/Events/Vehicle/UpgradeConsoleOpening.cs'; 'Subnautica.Events/Patches/Events/World/AlterraPdaPickedUp.cs'; 'Subnautica.Events/Patches/Events/World/CellLoading.cs'; 'Subnautica.Events/Patches/Events/World/CellUnLoading.cs'; 'Subnautica.Events/Patches/Events/World/CosmeticItemPlacing.cs'; 'Subnautica.Events/Patches/Events/World/CrushDamaging.cs'; 'Subnautica.Events/Patches/Events/World/DataboxItemPickedUp.cs'; 'Subnautica.Events/Patches/Events/World/ElevatorCalling.cs'; 'Subnautica.Events/Patches/Events/World/ElevatorInitialized.cs'; 'Subnautica.Events/Patches/Events/World/EntitySlotSpawning.cs'; 'Subnautica.Events/Patches/Events/World/EntitySpawning.cs'; 'Subnautica.Events/Patches/Events/World/FruitHarvesting.cs'; 'Subnautica.Events/Patches/Events/World/JukeboxDiskPickedUp.cs'; 'Subnautica.Events/Patches/Events/World/LaserCutterUsing.cs'; 'Subnautica.Events/Patches/Events/World/OxygenPlantClicking.cs'; 'Subnautica.Events/Patches/Events/World/SealedInitialized.cs'; 'Subnautica.Events/Patches/Events/World/SpawnOnKilling.cs'; 'Subnautica.Events/Patches/Events/World/SupplyCrateOpened.cs'; 'Subnautica.Events/Patches/Events/World/TakeDamaging.cs'; 'Subnautica.Events/Patches/Events/World/TeleporterInitialized.cs'; 'Subnautica.Events/Patches/Events/World/TeleporterTerminalActivating.cs'; 'Subnautica.Events/Patches/Events/World/ThermalLilyRangeChecking.cs'; 'Subnautica.Events/Patches/Events/World/WeatherProfileChanged.cs'; 'Subnautica.Events/Patches/Fixes/Blockers/Encyclopedia.cs'; 'Subnautica.Events/Patches/Fixes/Blockers/Planter.cs'; 'Subnautica.Events/Patches/Fixes/Construction/BaseDataCache.cs'; 'Subnautica.Events/Patches/Fixes/Construction/BaseGhost.cs'; 'Subnautica.Events/Patches/Fixes/Construction/BaseGhostUpdatePlacement.cs'; 'Subnautica.Events/Patches/Fixes/Construction/BaseHatch.cs'; 'Subnautica.Events/Patches/Fixes/Construction/BaseHullStrength.cs'; 'Subnautica.Events/Patches/Fixes/Construction/Builder.cs'; 'Subnautica.Events/Patches/Fixes/Construction/ExtraCollision.cs'; 'Subnautica.Events/Patches/Fixes/Creatures/Actions/AggressiveWhenSeePlayer.cs'; 'Subnautica.Events/Patches/Fixes/Creatures/Actions/AggressiveWhenSeeTarget.cs'; 'Subnautica.Events/Patches/Fixes/Creatures/Actions/AttackLastTarget.cs'; 'Subnautica.Events/Patches/Fixes/Creatures/Actions/FlyAwayWhenScared.cs'; 'Subnautica.Events/Patches/Fixes/Creatures/Actions/LilyPaddlerHypnotize.cs'; 'Subnautica.Events/Patches/Fixes/Creatures/Actions/Roost.cs'; 'Subnautica.Events/Patches/Fixes/Creatures/Creature.cs'; 'Subnautica.Events/Patches/Fixes/Creatures/CreatureDeath.cs'; 'Subnautica.Events/Patches/Fixes/Creatures/CreatureFrozenMixin.cs'; 'Subnautica.Events/Patches/Fixes/Creatures/CreatureLeashPosition.cs'; 'Subnautica.Events/Patches/Fixes/Creatures/MonoBehaviours/AggressiveToPilotingVehicle.cs'; 'Subnautica.Events/Patches/Fixes/Creatures/MonoBehaviours/AnimateByVelocity.cs'; 'Subnautica.Events/Patches/Fixes/Creatures/MonoBehaviours/BirdBehaviour.cs'; 'Subnautica.Events/Patches/Fixes/Creatures/MonoBehaviours/Crash.cs'; 'Subnautica.Events/Patches/Fixes/Creatures/MonoBehaviours/CrashHome.cs'; 'Subnautica.Events/Patches/Fixes/Creatures/MonoBehaviours/CreatureAggressionManager.cs'; 'Subnautica.Events/Patches/Fixes/Creatures/MonoBehaviours/Jellyfish.cs'; 'Subnautica.Events/Patches/Fixes/Creatures/MonoBehaviours/LeviathanMeleeAttack.cs'; 'Subnautica.Events/Patches/Fixes/Creatures/MonoBehaviours/MeleeAttack.cs'; 'Subnautica.Events/Patches/Fixes/Creatures/MonoBehaviours/OnTouch.cs'; 'Subnautica.Events/Patches/Fixes/Creatures/MonoBehaviours/Scareable.cs'; 'Subnautica.Events/Patches/Fixes/Creatures/MonoBehaviours/SplineFollowing.cs'; 'Subnautica.Events/Patches/Fixes/Creatures/MonoBehaviours/VoidLeviathan.cs'; 'Subnautica.Events/Patches/Fixes/Creatures/Temp_SpikeyTrap.cs'; 'Subnautica.Events/Patches/Fixes/Furnitures/BaseControlRoom.cs'; 'Subnautica.Events/Patches/Fixes/Furnitures/BaseMapRoom.cs'; 'Subnautica.Events/Patches/Fixes/Furnitures/BaseMoonpoolExpansion.cs'; 'Subnautica.Events/Patches/Fixes/Furnitures/BasePartitionDoor.cs'; 'Subnautica.Events/Patches/Fixes/Furnitures/Bed.cs'; 'Subnautica.Events/Patches/Fixes/Furnitures/Charger.cs'; 'Subnautica.Events/Patches/Fixes/Furnitures/CoffeeVendingMachine.cs'; 'Subnautica.Events/Patches/Fixes/Furnitures/CrafterAutoClose.cs'; 'Subnautica.Events/Patches/Fixes/Furnitures/EnergyConsumer.cs'; 'Subnautica.Events/Patches/Fixes/Furnitures/EnergyProduction.cs'; 'Subnautica.Events/Patches/Fixes/Furnitures/FiltrationMachine.cs'; 'Subnautica.Events/Patches/Fixes/Furnitures/Fridge.cs'; 'Subnautica.Events/Patches/Fixes/Furnitures/Hoverpad.cs'; 'Subnautica.Events/Patches/Fixes/Furnitures/Jukebox.cs'; 'Subnautica.Events/Patches/Fixes/Furnitures/Planter.cs'; 'Subnautica.Events/Patches/Fixes/Game/Crafter.cs'; 'Subnautica.Events/Patches/Fixes/Game/Credits.cs'; 'Subnautica.Events/Patches/Fixes/Game/FixSubnauticaErrors.cs'; 'Subnautica.Events/Patches/Fixes/Game/FixUniqueIdentifier.cs'; 'Subnautica.Events/Patches/Fixes/Game/FreezeTime.cs'; 'Subnautica.Events/Patches/Fixes/Game/HintPopupDisable.cs'; 'Subnautica.Events/Patches/Fixes/Game/InGameCustomGameMode.cs'; 'Subnautica.Events/Patches/Fixes/Game/IntroRespawnLocation.cs'; 'Subnautica.Events/Patches/Fixes/Game/IntroText.cs'; 'Subnautica.Events/Patches/Fixes/Game/LoadingStage.cs'; 'Subnautica.Events/Patches/Fixes/Game/LockMotionWhenPdaIsInUse.cs'; 'Subnautica.Events/Patches/Fixes/Game/Platform.cs'; 'Subnautica.Events/Patches/Fixes/Game/PopupNotification.cs'; 'Subnautica.Events/Patches/Fixes/Game/ProtobufSerializer.cs'; 'Subnautica.Events/Patches/Fixes/Game/RegisterEntity.cs'; 'Subnautica.Events/Patches/Fixes/Game/Respawn.cs'; 'Subnautica.Events/Patches/Fixes/Game/ScreenshotsFilename.cs'; 'Subnautica.Events/Patches/Fixes/Game/SpawnRandom.cs'; 'Subnautica.Events/Patches/Fixes/Game/StartMainGame.cs'; 'Subnautica.Events/Patches/Fixes/Game/uGUI_SceneConfirmation.cs'; 'Subnautica.Events/Patches/Fixes/Game/VFXConstructing.cs'; 'Subnautica.Events/Patches/Fixes/Game/WatermarkVersion.cs'; 'Subnautica.Events/Patches/Fixes/Game/Weather.cs'; 'Subnautica.Events/Patches/Fixes/Game/WeatherManager.cs'; 'Subnautica.Events/Patches/Fixes/Interact/BaseControlRoom.cs'; 'Subnautica.Events/Patches/Fixes/Interact/BatteryCharger.cs'; 'Subnautica.Events/Patches/Fixes/Interact/Bench.cs'; 'Subnautica.Events/Patches/Fixes/Interact/BioReactor.cs'; 'Subnautica.Events/Patches/Fixes/Interact/BulkheadDoor.cs'; 'Subnautica.Events/Patches/Fixes/Interact/Construction.cs'; 'Subnautica.Events/Patches/Fixes/Interact/Constructor.cs'; 'Subnautica.Events/Patches/Fixes/Interact/Creatures/GlowWhale.cs'; 'Subnautica.Events/Patches/Fixes/Interact/DockedVehicleHandTarget.cs'; 'Subnautica.Events/Patches/Fixes/Interact/EnergyMixin.cs'; 'Subnautica.Events/Patches/Fixes/Interact/FiltrationMachine.cs'; 'Subnautica.Events/Patches/Fixes/Interact/GhostCrafter.cs'; 'Subnautica.Events/Patches/Fixes/Interact/Ladder.cs'; 'Subnautica.Events/Patches/Fixes/Interact/MapRoomScreen.cs'; 'Subnautica.Events/Patches/Fixes/Interact/NuclearReactor.cs'; 'Subnautica.Events/Patches/Fixes/Interact/Pickupable.cs'; 'Subnautica.Events/Patches/Fixes/Interact/PictureFrame.cs'; 'Subnautica.Events/Patches/Fixes/Interact/PlayerClimb.cs'; 'Subnautica.Events/Patches/Fixes/Interact/RadioTower.cs'; 'Subnautica.Events/Patches/Fixes/Interact/SealedObject.cs'; 'Subnautica.Events/Patches/Fixes/Interact/SeaTruckDockingModule.cs'; 'Subnautica.Events/Patches/Fixes/Interact/SeaTruckMotor.cs'; 'Subnautica.Events/Patches/Fixes/Interact/SeaTruckSegmentDetach.cs'; 'Subnautica.Events/Patches/Fixes/Interact/Sign.cs'; 'Subnautica.Events/Patches/Fixes/Interact/StorageContainer.cs'; 'Subnautica.Events/Patches/Fixes/Interact/Story/MobileExtractorConsole.cs'; 'Subnautica.Events/Patches/Fixes/Interact/Story/MobileExtractorMachine.cs'; 'Subnautica.Events/Patches/Fixes/Interact/SubNameInput.cs'; 'Subnautica.Events/Patches/Fixes/Interact/UseableDiveHatch.cs'; 'Subnautica.Events/Patches/Fixes/Interact/Vehicle.cs'; 'Subnautica.Events/Patches/Fixes/Interact/VehicleUpgradeConsoleInput.cs'; 'Subnautica.Events/Patches/Fixes/Items/Beacon.cs'; 'Subnautica.Events/Patches/Fixes/Items/Builder.cs'; 'Subnautica.Events/Patches/Fixes/Items/DeployableStorage.cs'; 'Subnautica.Events/Patches/Fixes/Items/Flare.cs'; 'Subnautica.Events/Patches/Fixes/Items/ItemMain.cs'; 'Subnautica.Events/Patches/Fixes/Items/OxygenPipe.cs'; 'Subnautica.Events/Patches/Fixes/Items/Seaglide.cs'; 'Subnautica.Events/Patches/Fixes/Items/SpyPenguin.cs'; 'Subnautica.Events/Patches/Fixes/Items/TeleportationTool.cs'; 'Subnautica.Events/Patches/Fixes/Items/Thumper.cs'; 'Subnautica.Events/Patches/Fixes/Player/ArmsController.cs'; 'Subnautica.Events/Patches/Fixes/Player/Craftdata.cs'; 'Subnautica.Events/Patches/Fixes/Player/InitialPlayerPosition.cs'; 'Subnautica.Events/Patches/Fixes/Player/LoseItems.cs'; 'Subnautica.Events/Patches/Fixes/Player/MovingPlatform.cs'; 'Subnautica.Events/Patches/Fixes/Player/PlayerAnimationEventManager.cs'; 'Subnautica.Events/Patches/Fixes/Player/PlayerEmotes.cs'; 'Subnautica.Events/Patches/Fixes/Player/PlayerSignalPosition.cs'; 'Subnautica.Events/Patches/Fixes/Player/SetupCreativeMode.cs'; 'Subnautica.Events/Patches/Fixes/Story/RadioTower.cs'; 'Subnautica.Events/Patches/Fixes/Story/StoryGoalManager.cs'; 'Subnautica.Events/Patches/Fixes/Vehicle/CrushDamage.cs'; 'Subnautica.Events/Patches/Fixes/Vehicle/DockCinematic.cs'; 'Subnautica.Events/Patches/Fixes/Vehicle/Exosuit.cs'; 'Subnautica.Events/Patches/Fixes/Vehicle/MapRoomCamera.cs'; 'Subnautica.Events/Patches/Fixes/Vehicle/SeaTruckAquarium.cs'; 'Subnautica.Events/Patches/Fixes/Vehicle/SeaTruckConnection.cs'; 'Subnautica.Events/Patches/Fixes/Vehicle/SeaTruckCustomMotorGeneral.cs'; 'Subnautica.Events/Patches/Fixes/Vehicle/SeaTruckDockingBay.cs'; 'Subnautica.Events/Patches/Fixes/Vehicle/SeaTruckHud.cs'; 'Subnautica.Events/Patches/Fixes/Vehicle/SeaTruckMotor.cs'; 'Subnautica.Events/Patches/Fixes/Vehicle/SeaTruckSegment.cs'; 'Subnautica.Events/Patches/Fixes/Vehicle/SpyPenguin.cs'; 'Subnautica.Events/Patches/Fixes/Vehicle/VehicleDockingBay.cs'; 'Subnautica.Events/Patches/Fixes/Vehicle/VehicleEnergyConsumer.cs'; 'Subnautica.Events/Patches/Fixes/Vehicle/VehicleKill.cs'; 'Subnautica.Events/Patches/Fixes/World/Brinicle.cs'; 'Subnautica.Events/Patches/Fixes/World/DayNightCycle.cs'; 'Subnautica.Events/Patches/Fixes/World/DepthAlarms.cs'; 'Subnautica.Events/Patches/Fixes/World/Drillable.cs'; 'Subnautica.Events/Patches/Fixes/World/EntityCell.cs'; 'Subnautica.Events/Patches/Fixes/World/PrecursorTeleporter.cs'; 'Subnautica.Events/Patches/Fixes/World/PrecursorTeleporterActivationTerminal.cs'; 'Subnautica.Events/Patches/Fixes/World/SupplyDropManager.cs'; 'Subnautica.Events/Patches/Fixes/World/TerrainPoolManager.cs'; 'Subnautica.Events/Patches/Fixes/World/WorldStreamer.cs'; 'Subnautica.Events/Patches/Identity/Building/BaseGhostFinished.cs'; 'Subnautica.Events/Patches/Identity/Building/ConstructingGhostTryPlacing.cs'; 'Subnautica.Events/Patches/Identity/World/BulkheadDoor.cs'; 'Subnautica.Events/Patches/Identity/World/CinematicModeTriggerBase.cs'; 'Subnautica.Events/Patches/Identity/World/Ladder.cs'; 'Subnautica.Events/Patches/Identity/World/PersistentEntity.cs'; 'Subnautica.Events/Patches/Identity/World/PingInstance.cs'; 'Subnautica.Events/Patches/Identity/World/TechTypeClassIds.cs'; 'Subnautica.Events/Patches/Identity/World/UniqueIdentifier.cs'; 'Subnautica.Events/Patches/SerializeOptimizers/Base.cs'; 'Subnautica.Events/Patches/SerializeOptimizers/BaseFloodSim.cs'; 'Subnautica.Events/Patches/SerializeOptimizers/CrafterLogic.cs'; 'Subnautica.Events/Patches/SerializeOptimizers/JukeboxInstance.cs'; 'Subnautica.Events/Patches/SerializeOptimizers/LiveMixin.cs'; 'Subnautica.Events/Patches/SerializeOptimizers/ProtobufOptimizer.cs'; 'Subnautica.Events/Patches/SerializeOptimizers/SeaTruckDockingBay.cs'; 'Subnautica.Loader/Plugin.cs'; 'Subnautica.Network/Core/Components/NetworkCreatureComponent.cs'; 'Subnautica.Network/Core/Components/NetworkDynamicEntityComponent.cs'; 'Subnautica.Network/Core/Components/NetworkMetadataComponent.cs'; 'Subnautica.Network/Core/Components/NetworkPlayerItemComponent.cs'; 'Subnautica.Network/Core/Components/NetworkWorldEntityComponent.cs'; 'Subnautica.Network/Core/NetworkPacket.cs'; 'Subnautica.Network/Core/NetworkTools.cs'; 'Subnautica.Network/Extensions/PacketExtensions.cs'; 'Subnautica.Network/Models/Client/AnotherPlayerConnectedArgs.cs'; 'Subnautica.Network/Models/Client/ConnectionRejectArgs.cs'; 'Subnautica.Network/Models/Client/InteractArgs.cs'; 'Subnautica.Network/Models/Client/JoiningServerArgs.cs'; 'Subnautica.Network/Models/Client/StoryPlayerVisibilityArgs.cs'; 'Subnautica.Network/Models/Client/WeatherChangedArgs.cs'; 'Subnautica.Network/Models/Client/WorldLoadedArgs.cs'; 'Subnautica.Network/Models/Construction/BaseAddBulkheadGhostComponent.cs'; 'Subnautica.Network/Models/Construction/BaseAddCellGhostComponent.cs'; 'Subnautica.Network/Models/Construction/BaseAddConnectorGhostComponent.cs'; 'Subnautica.Network/Models/Construction/BaseAddCorridorGhostComponent.cs'; 'Subnautica.Network/Models/Construction/BaseAddFaceGhostComponent.cs'; 'Subnautica.Network/Models/Construction/BaseAddLadderGhostComponent.cs'; 'Subnautica.Network/Models/Construction/BaseAddMapRoomGhostComponent.cs'; 'Subnautica.Network/Models/Construction/BaseAddModuleGhostComponent.cs'; 'Subnautica.Network/Models/Construction/BaseAddPartitionDoorGhostComponent.cs'; 'Subnautica.Network/Models/Construction/BaseAddPartitionGhostComponent.cs'; 'Subnautica.Network/Models/Construction/BaseAddWaterParkGhostComponent.cs'; 'Subnautica.Network/Models/Construction/Shared/BaseComponent.cs'; 'Subnautica.Network/Models/Construction/Shared/BaseFaceComponent.cs'; 'Subnautica.Network/Models/Construction/Shared/BaseGhostComponent.cs'; 'Subnautica.Network/Models/Creatures/CrashFish.cs'; 'Subnautica.Network/Models/Creatures/GlowWhale.cs'; 'Subnautica.Network/Models/Creatures/LilyPaddler.cs'; 'Subnautica.Network/Models/Creatures/MultiplayerCreatureItem.cs'; 'Subnautica.Network/Models/Items/AirBladder.cs'; 'Subnautica.Network/Models/Items/Beacon.cs'; 'Subnautica.Network/Models/Items/Constructor.cs'; 'Subnautica.Network/Models/Items/DeployableStorage.cs'; 'Subnautica.Network/Models/Items/DroneCamera.cs'; 'Subnautica.Network/Models/Items/Flare.cs'; 'Subnautica.Network/Models/Items/FlashLight.cs'; 'Subnautica.Network/Models/Items/Hoverbike.cs'; 'Subnautica.Network/Models/Items/Knife.cs'; 'Subnautica.Network/Models/Items/LaserCutter.cs'; 'Subnautica.Network/Models/Items/LEDLight.cs'; 'Subnautica.Network/Models/Items/MetalDetector.cs'; 'Subnautica.Network/Models/Items/PipeSurfaceFloater.cs'; 'Subnautica.Network/Models/Items/Scanner.cs'; 'Subnautica.Network/Models/Items/Seaglide.cs'; 'Subnautica.Network/Models/Items/SpyPenguin.cs'; 'Subnautica.Network/Models/Items/TeleportationTool.cs'; 'Subnautica.Network/Models/Items/Thumper.cs'; 'Subnautica.Network/Models/Items/Welder.cs'; 'Subnautica.Network/Models/Metadata/Aquarium.cs'; 'Subnautica.Network/Models/Metadata/AromatherapyLamp.cs'; 'Subnautica.Network/Models/Metadata/BaseControlRoom.cs'; 'Subnautica.Network/Models/Metadata/BaseMapRoom.cs'; 'Subnautica.Network/Models/Metadata/BaseMoonpool.cs'; 'Subnautica.Network/Models/Metadata/BaseMoonpoolExpansionManager.cs'; 'Subnautica.Network/Models/Metadata/BaseWaterPark.cs'; 'Subnautica.Network/Models/Metadata/Bed.cs'; 'Subnautica.Network/Models/Metadata/Bench.cs'; 'Subnautica.Network/Models/Metadata/BioReactor.cs'; 'Subnautica.Network/Models/Metadata/BulkheadDoor.cs'; 'Subnautica.Network/Models/Metadata/Charger.cs'; 'Subnautica.Network/Models/Metadata/CoffeeVendingMachine.cs'; 'Subnautica.Network/Models/Metadata/Crafter.cs'; 'Subnautica.Network/Models/Metadata/EmmanuelPendulum.cs'; 'Subnautica.Network/Models/Metadata/FiltrationMachine.cs'; 'Subnautica.Network/Models/Metadata/Fridge.cs'; 'Subnautica.Network/Models/Metadata/Hoverpad.cs'; 'Subnautica.Network/Models/Metadata/Jukebox.cs'; 'Subnautica.Network/Models/Metadata/JukeboxUsed.cs'; 'Subnautica.Network/Models/Metadata/LabTrashcan.cs'; 'Subnautica.Network/Models/Metadata/NuclearReactor.cs'; 'Subnautica.Network/Models/Metadata/PictureFrame.cs'; 'Subnautica.Network/Models/Metadata/Planter.cs'; 'Subnautica.Network/Models/Metadata/Recyclotron.cs'; 'Subnautica.Network/Models/Metadata/Shower.cs'; 'Subnautica.Network/Models/Metadata/Sign.cs'; 'Subnautica.Network/Models/Metadata/Sink.cs'; 'Subnautica.Network/Models/Metadata/SmallStove.cs'; 'Subnautica.Network/Models/Metadata/Snowman.cs'; 'Subnautica.Network/Models/Metadata/SpotLight.cs'; 'Subnautica.Network/Models/Metadata/StorageContainer.cs'; 'Subnautica.Network/Models/Metadata/StorageItem.cs'; 'Subnautica.Network/Models/Metadata/StorageLocker.cs'; 'Subnautica.Network/Models/Metadata/TechLight.cs'; 'Subnautica.Network/Models/Metadata/Toilet.cs'; 'Subnautica.Network/Models/Metadata/Trashcans.cs'; 'Subnautica.Network/Models/Server/BaseCellWaterLevelArgs.cs'; 'Subnautica.Network/Models/Server/BaseHullStrengthTakeDamagingArgs.cs'; 'Subnautica.Network/Models/Server/BaseMapRoomTransmissionArgs.cs'; 'Subnautica.Network/Models/Server/BatteryChargerTransmissionArgs.cs'; 'Subnautica.Network/Models/Server/BrinicleArgs.cs'; 'Subnautica.Network/Models/Server/ConstructionAmountChangedArgs.cs'; 'Subnautica.Network/Models/Server/ConstructionCompletedArgs.cs'; 'Subnautica.Network/Models/Server/ConstructionGhostMovingArgs.cs'; 'Subnautica.Network/Models/Server/ConstructionGhostTryPlacingArgs.cs'; 'Subnautica.Network/Models/Server/ConstructionHealthArgs.cs'; 'Subnautica.Network/Models/Server/ConstructionRemovedArgs.cs'; 'Subnautica.Network/Models/Server/CosmeticItemArgs.cs'; 'Subnautica.Network/Models/Server/CreatureAnimationArgs.cs'; 'Subnautica.Network/Models/Server/CreatureAttackLastTargetArgs.cs'; 'Subnautica.Network/Models/Server/CreatureCallArgs.cs'; 'Subnautica.Network/Models/Server/CreatureFreezeArgs.cs'; 'Subnautica.Network/Models/Server/CreatureHealthArgs.cs'; 'Subnautica.Network/Models/Server/CreatureLeviathanMeleeAttackArgs.cs'; 'Subnautica.Network/Models/Server/CreatureMeleeAttackArgs.cs'; 'Subnautica.Network/Models/Server/CreatureProcessArgs.cs'; 'Subnautica.Network/Models/Server/DeconstructionBeginArgs.cs'; 'Subnautica.Network/Models/Server/EncyclopediaAddedArgs.cs'; 'Subnautica.Network/Models/Server/EnergyMixinTransmissionArgs.cs'; 'Subnautica.Network/Models/Server/EnergyTransmissionArgs.cs'; 'Subnautica.Network/Models/Server/EntityScannerCompletedArgs.cs'; 'Subnautica.Network/Models/Server/EntitySlotProcessArgs.cs'; 'Subnautica.Network/Models/Server/ExosuitDrillArgs.cs'; 'Subnautica.Network/Models/Server/ExosuitJumpArgs.cs'; 'Subnautica.Network/Models/Server/ExosuitStorageArgs.cs'; 'Subnautica.Network/Models/Server/FiltrationMachineTransmissionArgs.cs'; 'Subnautica.Network/Models/Server/FurnitureDeconstructionBeginArgs.cs'; 'Subnautica.Network/Models/Server/HoverpadChargeTransmissionArgs.cs'; 'Subnautica.Network/Models/Server/InteractArgs.cs'; 'Subnautica.Network/Models/Server/InteriorToggleArgs.cs'; 'Subnautica.Network/Models/Server/IntroStartArgs.cs'; 'Subnautica.Network/Models/Server/InventoryEquipmentArgs.cs'; 'Subnautica.Network/Models/Server/InventoryItemArgs.cs'; 'Subnautica.Network/Models/Server/InventoryQuickSlotItemArgs.cs'; 'Subnautica.Network/Models/Server/ItemDropArgs.cs'; 'Subnautica.Network/Models/Server/ItemPickupArgs.cs'; 'Subnautica.Network/Models/Server/ItemPinArgs.cs'; 'Subnautica.Network/Models/Server/JoiningServerArgs.cs'; 'Subnautica.Network/Models/Server/JukeboxDiskAddedArgs.cs'; 'Subnautica.Network/Models/Server/LifepodArgs.cs'; 'Subnautica.Network/Models/Server/MetadataComponentArgs.cs'; 'Subnautica.Network/Models/Server/NotificationAddedArgs.cs'; 'Subnautica.Network/Models/Server/PDALogAddedArgs.cs'; 'Subnautica.Network/Models/Server/PingArgs.cs'; 'Subnautica.Network/Models/Server/PlayerAnimationChangedArgs.cs'; 'Subnautica.Network/Models/Server/PlayerClimbArgs.cs'; 'Subnautica.Network/Models/Server/PlayerConsoleCommandArgs.cs'; 'Subnautica.Network/Models/Server/PlayerDeadArgs.cs'; 'Subnautica.Network/Models/Server/PlayerDisconnectedArgs.cs'; 'Subnautica.Network/Models/Server/PlayerFreezeArgs.cs'; 'Subnautica.Network/Models/Server/PlayerInitialEquipmentArgs.cs'; 'Subnautica.Network/Models/Server/PlayerItemActionArgs.cs'; 'Subnautica.Network/Models/Server/PlayerRespawnPointArgs.cs'; 'Subnautica.Network/Models/Server/PlayerSpawnArgs.cs'; 'Subnautica.Network/Models/Server/PlayerStatsArgs.cs'; 'Subnautica.Network/Models/Server/PlayerToolEnergyArgs.cs'; 'Subnautica.Network/Models/Server/PlayerUpdatedArgs.cs'; 'Subnautica.Network/Models/Server/PrecursorTeleporterArgs.cs'; 'Subnautica.Network/Models/Server/ResourceDiscoverArgs.cs'; 'Subnautica.Network/Models/Server/ScannerCompletedArgs.cs'; 'Subnautica.Network/Models/Server/SeaTruckAquariumModuleArgs.cs'; 'Subnautica.Network/Models/Server/SeaTruckConnectionArgs.cs'; 'Subnautica.Network/Models/Server/SeaTruckDockingModuleArgs.cs'; 'Subnautica.Network/Models/Server/SeaTruckFabricatorModuleArgs.cs'; 'Subnautica.Network/Models/Server/SeaTruckSleeperModuleArgs.cs'; 'Subnautica.Network/Models/Server/SeaTruckStorageModuleArgs.cs'; 'Subnautica.Network/Models/Server/SleepTimeSkipArgs.cs'; 'Subnautica.Network/Models/Server/SpawnOnKillArgs.cs'; 'Subnautica.Network/Models/Server/StaticEntityPickedUpArgs.cs'; 'Subnautica.Network/Models/Server/StorageOpenArgs.cs'; 'Subnautica.Network/Models/Server/StoryBridgeArgs.cs'; 'Subnautica.Network/Models/Server/StoryCallArgs.cs'; 'Subnautica.Network/Models/Server/StoryCinematicTriggerArgs.cs'; 'Subnautica.Network/Models/Server/StoryEndGameArgs.cs'; 'Subnautica.Network/Models/Server/StoryFrozenCreatureArgs.cs'; 'Subnautica.Network/Models/Server/StoryInteractArgs.cs'; 'Subnautica.Network/Models/Server/StoryPlayerVisibilityArgs.cs'; 'Subnautica.Network/Models/Server/StoryRadioTowerArgs.cs'; 'Subnautica.Network/Models/Server/StoryShieldBaseArgs.cs'; 'Subnautica.Network/Models/Server/StorySignalArgs.cs'; 'Subnautica.Network/Models/Server/StoryTriggerArgs.cs'; 'Subnautica.Network/Models/Server/SubrootToggleArgs.cs'; 'Subnautica.Network/Models/Server/TechAnalyzeAddedArgs.cs'; 'Subnautica.Network/Models/Server/TechnologyAddedArgs.cs'; 'Subnautica.Network/Models/Server/TechnologyFragmentAddedArgs.cs'; 'Subnautica.Network/Models/Server/UseableDiveHatchArgs.cs'; 'Subnautica.Network/Models/Server/VehicleBatteryArgs.cs'; 'Subnautica.Network/Models/Server/VehicleEnergyTransmissionArgs.cs'; 'Subnautica.Network/Models/Server/VehicleEnterArgs.cs'; 'Subnautica.Network/Models/Server/VehicleExitArgs.cs'; 'Subnautica.Network/Models/Server/VehicleHealthArgs.cs'; 'Subnautica.Network/Models/Server/VehicleInteriorArgs.cs'; 'Subnautica.Network/Models/Server/VehicleLightArgs.cs'; 'Subnautica.Network/Models/Server/VehicleRepairArgs.cs'; 'Subnautica.Network/Models/Server/VehicleUpdatedArgs.cs'; 'Subnautica.Network/Models/Server/VehicleUpgradeConsoleArgs.cs'; 'Subnautica.Network/Models/Server/WeatherChangedArgs.cs'; 'Subnautica.Network/Models/Server/WelderArgs.cs'; 'Subnautica.Network/Models/Server/WorldCreatureOwnershipChangedArgs.cs'; 'Subnautica.Network/Models/Server/WorldCreaturePositionArgs.cs'; 'Subnautica.Network/Models/Server/WorldDynamicEntityOwnershipChangedArgs.cs'; 'Subnautica.Network/Models/Server/WorldDynamicEntityPositionArgs.cs'; 'Subnautica.Network/Models/Server/WorldEntityActionArgs.cs'; 'Subnautica.Network/Models/Server/WorldLoadedArgs.cs'; 'Subnautica.Network/Models/Storage/Construction/Construction.cs'; 'Subnautica.Network/Models/Storage/Construction/ConstructionItem.cs'; 'Subnautica.Network/Models/Storage/Encyclopedia/Encyclopedia.cs'; 'Subnautica.Network/Models/Storage/PictureFrame/PictureFrame.cs'; 'Subnautica.Network/Models/Storage/Player/NotificationItem.cs'; 'Subnautica.Network/Models/Storage/Player/PlayerItem.cs'; 'Subnautica.Network/Models/Storage/Scanner/Scanner.cs'; 'Subnautica.Network/Models/Storage/Story/Components/CustomDoorwayComponent.cs'; 'Subnautica.Network/Models/Storage/Story/Components/FrozenCreatureComponent.cs'; 'Subnautica.Network/Models/Storage/Story/Components/GlacialBasinBridgeComponent.cs'; 'Subnautica.Network/Models/Storage/Story/Components/ShieldBaseComponent.cs'; 'Subnautica.Network/Models/Storage/Story/Story.cs'; 'Subnautica.Network/Models/Storage/Story/StoryGoals/ZeroStoryGoal.cs'; 'Subnautica.Network/Models/Storage/Story/StoryGoals/ZeroStorySignal.cs'; 'Subnautica.Network/Models/Storage/Technology/Technology.cs'; 'Subnautica.Network/Models/Storage/Technology/TechnologyItem.cs'; 'Subnautica.Network/Models/Storage/World/Childrens/Base.cs'; 'Subnautica.Network/Models/Storage/World/Childrens/BatteryItem.cs'; 'Subnautica.Network/Models/Storage/World/Childrens/Brinicle.cs'; 'Subnautica.Network/Models/Storage/World/Childrens/CosmeticItem.cs'; 'Subnautica.Network/Models/Storage/World/Childrens/PowerSource.cs'; 'Subnautica.Network/Models/Storage/World/Childrens/SupplyDrop.cs'; 'Subnautica.Network/Models/Storage/World/Childrens/WorldDynamicEntity.cs'; 'Subnautica.Network/Models/Storage/World/World.cs'; 'Subnautica.Network/Models/WorldEntity/BulkheadDoor.cs'; 'Subnautica.Network/Models/WorldEntity/Databox.cs'; 'Subnautica.Network/Models/WorldEntity/DestroyableDynamicEntity.cs'; 'Subnautica.Network/Models/WorldEntity/DestroyableEntity.cs'; 'Subnautica.Network/Models/WorldEntity/Drillable.cs'; 'Subnautica.Network/Models/WorldEntity/DynamicEntityComponents/Beacon.cs'; 'Subnautica.Network/Models/WorldEntity/DynamicEntityComponents/Constructor.cs'; 'Subnautica.Network/Models/WorldEntity/DynamicEntityComponents/Exosuit.cs'; 'Subnautica.Network/Models/WorldEntity/DynamicEntityComponents/Flare.cs'; 'Subnautica.Network/Models/WorldEntity/DynamicEntityComponents/Hoverbike.cs'; 'Subnautica.Network/Models/WorldEntity/DynamicEntityComponents/LEDLight.cs'; 'Subnautica.Network/Models/WorldEntity/DynamicEntityComponents/MapRoomCamera.cs'; 'Subnautica.Network/Models/WorldEntity/DynamicEntityComponents/PipeSurfaceFloater.cs'; 'Subnautica.Network/Models/WorldEntity/DynamicEntityComponents/QuantumLocker.cs'; 'Subnautica.Network/Models/WorldEntity/DynamicEntityComponents/SeaTruck.cs'; 'Subnautica.Network/Models/WorldEntity/DynamicEntityComponents/SeaTruckAquariumModule.cs'; 'Subnautica.Network/Models/WorldEntity/DynamicEntityComponents/SeaTruckDockingModule.cs'; 'Subnautica.Network/Models/WorldEntity/DynamicEntityComponents/SeaTruckFabricatorModule.cs'; 'Subnautica.Network/Models/WorldEntity/DynamicEntityComponents/SeaTruckSleeperModule.cs'; 'Subnautica.Network/Models/WorldEntity/DynamicEntityComponents/SeaTruckStorageModule.cs'; 'Subnautica.Network/Models/WorldEntity/DynamicEntityComponents/SeaTruckTeleportationModule.cs'; 'Subnautica.Network/Models/WorldEntity/DynamicEntityComponents/Shared/LiveMixin.cs'; 'Subnautica.Network/Models/WorldEntity/DynamicEntityComponents/Shared/OxygenPipeItem.cs'; 'Subnautica.Network/Models/WorldEntity/DynamicEntityComponents/Shared/PowerCell.cs'; 'Subnautica.Network/Models/WorldEntity/DynamicEntityComponents/Shared/SeaTruckLockerItem.cs'; 'Subnautica.Network/Models/WorldEntity/DynamicEntityComponents/Shared/UpgradeConsoleItem.cs'; 'Subnautica.Network/Models/WorldEntity/DynamicEntityComponents/Shared/WorldPickupItem.cs'; 'Subnautica.Network/Models/WorldEntity/DynamicEntityComponents/SmallStorage.cs'; 'Subnautica.Network/Models/WorldEntity/DynamicEntityComponents/SpyPenguin.cs'; 'Subnautica.Network/Models/WorldEntity/DynamicEntityComponents/Thumper.cs'; 'Subnautica.Network/Models/WorldEntity/DynamicEntityComponents/WaterParkCreature.cs'; 'Subnautica.Network/Models/WorldEntity/Elevator.cs'; 'Subnautica.Network/Models/WorldEntity/OxygenPlant.cs'; 'Subnautica.Network/Models/WorldEntity/PlantEntity.cs'; 'Subnautica.Network/Models/WorldEntity/RestrictedEntity.cs'; 'Subnautica.Network/Models/WorldEntity/SealedObject.cs'; 'Subnautica.Network/Models/WorldEntity/StaticEntity.cs'; 'Subnautica.Network/Models/WorldEntity/SupplyCrate.cs'; 'Subnautica.Network/Models/WorldStreamer/ZeroSpawnPoint.cs'; 'Subnautica.Network/Models/WorldStreamer/ZeroSpawnPointContainer.cs'; 'Subnautica.Network/Models/WorldStreamer/ZeroSpawnPointSimple.cs'; 'Subnautica.Network/Structures/ZeroColor.cs'; 'Subnautica.Network/Structures/ZeroColorCustomizer.cs'; 'Subnautica.Network/Structures/ZeroInt3.cs'; 'Subnautica.Network/Structures/ZeroLastTarget.cs'; 'Subnautica.Network/Structures/ZeroQuaternion.cs'; 'Subnautica.Network/Structures/ZeroTransform.cs'; 'Subnautica.Network/Structures/ZeroVector3.cs'; 'Subnautica.Server/Abstracts/BaseLogic.cs'; 'Subnautica.Server/Abstracts/BaseProcessor.cs'; 'Subnautica.Server/Abstracts/BaseStorage.cs'; 'Subnautica.Server/Abstracts/Processors/MetadataProcessor.cs'; 'Subnautica.Server/Abstracts/Processors/NormalProcessor.cs'; 'Subnautica.Server/Abstracts/Processors/PlayerItemProcessor.cs'; 'Subnautica.Server/Abstracts/Processors/WorldCreatureProcessor.cs'; 'Subnautica.Server/Abstracts/Processors/WorldEntityProcessor.cs'; 'Subnautica.Server/Abstracts/ProcessorShared.cs'; 'Subnautica.Server/Core/AuthorizationProfile.cs'; 'Subnautica.Server/Core/Logices.cs'; 'Subnautica.Server/Core/Server.cs'; 'Subnautica.Server/Core/ServerListener.cs'; 'Subnautica.Server/Core/Storages.cs'; 'Subnautica.Server/Events/EventArgs/PlayerDisconnectedEventArgs.cs'; 'Subnautica.Server/Events/EventArgs/PlayerFullConnectedEventArgs.cs'; 'Subnautica.Server/Events/Handlers.cs'; 'Subnautica.Server/Extensions/NetworkExtensions.cs'; 'Subnautica.Server/Extensions/WorldExtensions.cs'; 'Subnautica.Server/Logic/AutoSave.cs'; 'Subnautica.Server/Logic/BaseHullStrength.cs'; 'Subnautica.Server/Logic/CreatureWatcher.cs'; 'Subnautica.Server/Logic/EnergyMixinTransmission.cs'; 'Subnautica.Server/Logic/EnergyTransmission.cs'; 'Subnautica.Server/Logic/EntityWatcher.cs'; 'Subnautica.Server/Logic/Furnitures/BaseMapRoom.cs'; 'Subnautica.Server/Logic/Furnitures/BaseWaterPark.cs'; 'Subnautica.Server/Logic/Furnitures/BatteryCharger.cs'; 'Subnautica.Server/Logic/Furnitures/Bed.cs'; 'Subnautica.Server/Logic/Furnitures/Bench.cs'; 'Subnautica.Server/Logic/Furnitures/CoffeeVendingMachine.cs'; 'Subnautica.Server/Logic/Furnitures/Crafter.cs'; 'Subnautica.Server/Logic/Furnitures/FiltrationMachine.cs'; 'Subnautica.Server/Logic/Furnitures/Fridge.cs'; 'Subnautica.Server/Logic/Furnitures/Hoverpad.cs'; 'Subnautica.Server/Logic/Furnitures/Jukebox.cs'; 'Subnautica.Server/Logic/Furnitures/Moonpool.cs'; 'Subnautica.Server/Logic/Furnitures/SpotLight.cs'; 'Subnautica.Server/Logic/Furnitures/TechLight.cs'; 'Subnautica.Server/Logic/Interact.cs'; 'Subnautica.Server/Logic/PlayerJoin.cs'; 'Subnautica.Server/Logic/PowerConsumer.cs'; 'Subnautica.Server/Logic/SeaTruckAquarium.cs'; 'Subnautica.Server/Logic/ServerApi.cs'; 'Subnautica.Server/Logic/Storage.cs'; 'Subnautica.Server/Logic/StoryTrigger.cs'; 'Subnautica.Server/Logic/Timing.cs'; 'Subnautica.Server/Logic/VehicleEnergyTransmission.cs'; 'Subnautica.Server/Logic/VoidLeviathan.cs'; 'Subnautica.Server/Logic/Weather.cs'; 'Subnautica.Server/Logic/World.cs'; 'Subnautica.Server/Logic/WorldStreamer.cs'; 'Subnautica.Server/Processors/Building/AmountChangedProcessor.cs'; 'Subnautica.Server/Processors/Building/BaseHullStrengthProcessor.cs'; 'Subnautica.Server/Processors/Building/CompletedProcessor.cs'; 'Subnautica.Server/Processors/Building/DeconstructionBeginProcessor.cs'; 'Subnautica.Server/Processors/Building/FurnitureDeconstructionBeginProcessor.cs'; 'Subnautica.Server/Processors/Building/GhostMovedProcessor.cs'; 'Subnautica.Server/Processors/Building/GhostTryPlacingProcessor.cs'; 'Subnautica.Server/Processors/Building/HealthProcessor.cs'; 'Subnautica.Server/Processors/Building/MetadataRequestProcessor.cs'; 'Subnautica.Server/Processors/Building/RemovedProcessor.cs'; 'Subnautica.Server/Processors/Creatures/AnimationChangedProcessor.cs'; 'Subnautica.Server/Processors/Creatures/AttackLastTargetProcessor.cs'; 'Subnautica.Server/Processors/Creatures/CallSoundProcessor.cs'; 'Subnautica.Server/Processors/Creatures/CrashFishProcessor.cs'; 'Subnautica.Server/Processors/Creatures/FreezeProcessor.cs'; 'Subnautica.Server/Processors/Creatures/GlowWhaleProcessor.cs'; 'Subnautica.Server/Processors/Creatures/HealthProcessor.cs'; 'Subnautica.Server/Processors/Creatures/LeviathanMeleeAttackProcessor.cs'; 'Subnautica.Server/Processors/Creatures/LilyPaddlerProcessor.cs'; 'Subnautica.Server/Processors/Creatures/MeleeAttackProcessor.cs'; 'Subnautica.Server/Processors/Encyclopedia/AddedProcessor.cs'; 'Subnautica.Server/Processors/General/InteractProcessor.cs'; 'Subnautica.Server/Processors/General/IntroProcessor.cs'; 'Subnautica.Server/Processors/General/LifepodProcessor.cs'; 'Subnautica.Server/Processors/General/ResourceDiscoverProcessor.cs'; 'Subnautica.Server/Processors/General/StorageOpenProcessor.cs'; 'Subnautica.Server/Processors/Inventory/EquipmentProcessor.cs'; 'Subnautica.Server/Processors/Inventory/ItemPinProcessor.cs'; 'Subnautica.Server/Processors/Inventory/ItemProcessor.cs'; 'Subnautica.Server/Processors/Inventory/QuickSlotProcessor.cs'; 'Subnautica.Server/Processors/Items/BeaconProcessor.cs'; 'Subnautica.Server/Processors/Items/ConstructorProcessor.cs'; 'Subnautica.Server/Processors/Items/DeployableStorageProcessor.cs'; 'Subnautica.Server/Processors/Items/DiveReelProcessor.cs'; 'Subnautica.Server/Processors/Items/FlareProcessor.cs'; 'Subnautica.Server/Processors/Items/FlashLightProcessor.cs'; 'Subnautica.Server/Processors/Items/HoverbikeProcessor.cs'; 'Subnautica.Server/Processors/Items/KnifeProcessor.cs'; 'Subnautica.Server/Processors/Items/LEDLightProcessor.cs'; 'Subnautica.Server/Processors/Items/MapRoomCameraProcessor.cs'; 'Subnautica.Server/Processors/Items/PipeSurfaceFloaterProcessor.cs'; 'Subnautica.Server/Processors/Items/PlayerItemActionProcessor.cs'; 'Subnautica.Server/Processors/Items/ScannerProcessor.cs'; 'Subnautica.Server/Processors/Items/SpyPenguinProcessor.cs'; 'Subnautica.Server/Processors/Items/TeleportationToolProcessor.cs'; 'Subnautica.Server/Processors/Items/ThumperProcessor.cs'; 'Subnautica.Server/Processors/Metadata/AquariumProcessor.cs'; 'Subnautica.Server/Processors/Metadata/AromatherapyLampProcessor.cs'; 'Subnautica.Server/Processors/Metadata/BaseControlRoomProcessor.cs'; 'Subnautica.Server/Processors/Metadata/BaseMapRoomProcessor.cs'; 'Subnautica.Server/Processors/Metadata/BaseWaterParkProcessor.cs'; 'Subnautica.Server/Processors/Metadata/BedProcessor.cs'; 'Subnautica.Server/Processors/Metadata/BenchProcessor.cs'; 'Subnautica.Server/Processors/Metadata/BioReactorProcessor.cs'; 'Subnautica.Server/Processors/Metadata/BulkheadProcessor.cs'; 'Subnautica.Server/Processors/Metadata/ChargerProcessor.cs'; 'Subnautica.Server/Processors/Metadata/CoffeeVendingMachineProcessor.cs'; 'Subnautica.Server/Processors/Metadata/CrafterProcessor.cs'; 'Subnautica.Server/Processors/Metadata/EmmanuelPendulumProcessor.cs'; 'Subnautica.Server/Processors/Metadata/FiltrationMachineProcessor.cs'; 'Subnautica.Server/Processors/Metadata/FridgeProcessor.cs'; 'Subnautica.Server/Processors/Metadata/HoverpadProcessor.cs'; 'Subnautica.Server/Processors/Metadata/JukeboxProcessor.cs'; 'Subnautica.Server/Processors/Metadata/LabTrashcanProcessor.cs'; 'Subnautica.Server/Processors/Metadata/MoonpoolProcessor.cs'; 'Subnautica.Server/Processors/Metadata/NuclearReactorProcessor.cs'; 'Subnautica.Server/Processors/Metadata/PictureFrameProcessor.cs'; 'Subnautica.Server/Processors/Metadata/PlanterProcessor.cs'; 'Subnautica.Server/Processors/Metadata/RecyclotronProcessor.cs'; 'Subnautica.Server/Processors/Metadata/ShowerProcessor.cs'; 'Subnautica.Server/Processors/Metadata/SignProcessor.cs'; 'Subnautica.Server/Processors/Metadata/SinkProcessor.cs'; 'Subnautica.Server/Processors/Metadata/SmallStoveProcessor.cs'; 'Subnautica.Server/Processors/Metadata/SnowmanProcessor.cs'; 'Subnautica.Server/Processors/Metadata/StorageProcessor.cs'; 'Subnautica.Server/Processors/Metadata/ToiletProcessor.cs'; 'Subnautica.Server/Processors/Metadata/TrashcansProcessor.cs'; 'Subnautica.Server/Processors/NoneProcessor.cs'; 'Subnautica.Server/Processors/PDA/JukeboxDiskAddedProcessor.cs'; 'Subnautica.Server/Processors/PDA/NotificationProcessor.cs'; 'Subnautica.Server/Processors/PDA/TechAnalyzeAddedProcessor.cs'; 'Subnautica.Server/Processors/Player/AnimationChangedProcessor.cs'; 'Subnautica.Server/Processors/Player/ClimbProcessor.cs'; 'Subnautica.Server/Processors/Player/ConsoleCommandProcessor.cs'; 'Subnautica.Server/Processors/Player/DeadProcessor.cs'; 'Subnautica.Server/Processors/Player/FirstInitialEquipmentProcessor.cs'; 'Subnautica.Server/Processors/Player/FreezeProcessor.cs'; 'Subnautica.Server/Processors/Player/InteriorToggleProcessor.cs'; 'Subnautica.Server/Processors/Player/ItemDropProcessor.cs'; 'Subnautica.Server/Processors/Player/ItemPickupProcessor.cs'; 'Subnautica.Server/Processors/Player/JoiningProcessor.cs'; 'Subnautica.Server/Processors/Player/PingProcessor.cs'; 'Subnautica.Server/Processors/Player/RespawnPointProcessor.cs'; 'Subnautica.Server/Processors/Player/SpawnProcessor.cs'; 'Subnautica.Server/Processors/Player/StatsProcessor.cs'; 'Subnautica.Server/Processors/Player/SubrootToggleProcessor.cs'; 'Subnautica.Server/Processors/Player/ToolEnergyProcessor.cs'; 'Subnautica.Server/Processors/Player/UpdatedProcessor.cs'; 'Subnautica.Server/Processors/Player/UseableDiveHatchProcessor.cs'; 'Subnautica.Server/Processors/Startup/WorlLoadedProcessor.cs'; 'Subnautica.Server/Processors/Story/BridgeProcessor.cs'; 'Subnautica.Server/Processors/Story/CallProcessor.cs'; 'Subnautica.Server/Processors/Story/CinematicProcessor.cs'; 'Subnautica.Server/Processors/Story/FrozenCreatureProcessor.cs'; 'Subnautica.Server/Processors/Story/InteractProcessor.cs'; 'Subnautica.Server/Processors/Story/PlayerVisibilityProcessor.cs'; 'Subnautica.Server/Processors/Story/RadioTowerProcessor.cs'; 'Subnautica.Server/Processors/Story/ShieldBaseProcessor.cs'; 'Subnautica.Server/Processors/Story/SignalProcessor.cs'; 'Subnautica.Server/Processors/Story/TriggerProcessor.cs'; 'Subnautica.Server/Processors/Technology/AddedProcessor.cs'; 'Subnautica.Server/Processors/Technology/FragmentAddedProcessor.cs'; 'Subnautica.Server/Processors/Technology/ScannerCompletedProcessor.cs'; 'Subnautica.Server/Processors/Vehicle/BatteryProcessor.cs'; 'Subnautica.Server/Processors/Vehicle/EnterProcessor.cs'; 'Subnautica.Server/Processors/Vehicle/ExitProcessor.cs'; 'Subnautica.Server/Processors/Vehicle/ExosuitDrillProcessor.cs'; 'Subnautica.Server/Processors/Vehicle/ExosuitJumpProcessor.cs'; 'Subnautica.Server/Processors/Vehicle/ExosuitStorageProcessor.cs'; 'Subnautica.Server/Processors/Vehicle/HealthProcessor.cs'; 'Subnautica.Server/Processors/Vehicle/InteriorProcessor.cs'; 'Subnautica.Server/Processors/Vehicle/LightProcessor.cs'; 'Subnautica.Server/Processors/Vehicle/SeaTruckAquariumModuleProcessor.cs'; 'Subnautica.Server/Processors/Vehicle/SeaTruckConnectionProcessor.cs'; 'Subnautica.Server/Processors/Vehicle/SeaTruckDockingModuleProcessor.cs'; 'Subnautica.Server/Processors/Vehicle/SeaTruckFabricatorModuleProcessor.cs'; 'Subnautica.Server/Processors/Vehicle/SeaTruckSleeperModuleProcessor.cs'; 'Subnautica.Server/Processors/Vehicle/SeaTruckStorageModuleProcessor.cs'; 'Subnautica.Server/Processors/Vehicle/UpdatedProcessor.cs'; 'Subnautica.Server/Processors/Vehicle/UpgradeConsoleProcessor.cs'; 'Subnautica.Server/Processors/World/BrinicleProcessor.cs'; 'Subnautica.Server/Processors/World/CosmeticItemProcessor.cs'; 'Subnautica.Server/Processors/World/EntityScannerProcessor.cs'; 'Subnautica.Server/Processors/World/EntitySlotSpawnProcessor.cs'; 'Subnautica.Server/Processors/World/PrecursorTeleporterProcessor.cs'; 'Subnautica.Server/Processors/World/SpawnOnKillProcessor.cs'; 'Subnautica.Server/Processors/World/StaticEntityProcessor.cs'; 'Subnautica.Server/Processors/World/WeatherProcessor.cs'; 'Subnautica.Server/Processors/World/WelderProcessor.cs'; 'Subnautica.Server/Processors/World/WorldCreatureActionProcessor.cs'; 'Subnautica.Server/Processors/World/WorldCreaturePositionProcessor.cs'; 'Subnautica.Server/Processors/World/WorldDynamicEntityPositionProcessor.cs'; 'Subnautica.Server/Processors/World/WorldEntityActionProcessor.cs'; 'Subnautica.Server/Processors/WorldEntities/BulkheadDoorProcessor.cs'; 'Subnautica.Server/Processors/WorldEntities/DataboxProcessor.cs'; 'Subnautica.Server/Processors/WorldEntities/DestroyableDynamicEntityProcessor.cs'; 'Subnautica.Server/Processors/WorldEntities/DestroyableEntityProcessor.cs'; 'Subnautica.Server/Processors/WorldEntities/ElevatorProcessor.cs'; 'Subnautica.Server/Processors/WorldEntities/FruitHarvestProcessor.cs'; 'Subnautica.Server/Processors/WorldEntities/LaserCutterProcessor.cs'; 'Subnautica.Server/Processors/WorldEntities/OxygenPlantProcessor.cs'; 'Subnautica.Server/Processors/WorldEntities/SupplyCrateProcessor.cs'; 'Subnautica.Server/Storage/Construction.cs'; 'Subnautica.Server/Storage/Encyclopedia.cs'; 'Subnautica.Server/Storage/PictureFrame.cs'; 'Subnautica.Server/Storage/Player.cs'; 'Subnautica.Server/Storage/Scanner.cs'; 'Subnautica.Server/Storage/Story.cs'; 'Subnautica.Server/Storage/Technology.cs'; 'Subnautica.Server/Storage/World.cs' [/home/rko735/Documentos/Subnautica-Below-Zero-Multiplayer/Subnautica.Multiplayer.csproj]

    0 Advertencia(s)
    1 Errores

Tiempo transcurrido 00:00:00.58
